{"type":"FeatureCollection","features":[{"type":"Feature","id":3,"geometry":{"type":"Point","coordinates":[-149.73982891958408,61.154212320847613]},"properties":{"OBJECTID":3,"name":"Basher 1","flag_id":1,"flag_id_zeroed":"01","filename":"Basher1_01"}},{"type":"Feature","id":4,"geometry":{"type":"Point","coordinates":[-149.73989684120272,61.154233229579837]},"properties":{"OBJECTID":4,"name":"Basher 1","flag_id":2,"flag_id_zeroed":"02","filename":"Basher1_02"}},{"type":"Feature","id":5,"geometry":{"type":"Point","coordinates":[-149.73995734722868,61.154251693949938]},"properties":{"OBJECTID":5,"name":"Basher 1","flag_id":3,"flag_id_zeroed":"03","filename":"Basher1_03"}},{"type":"Feature","id":6,"geometry":{"type":"Point","coordinates":[-149.74004669815841,61.154277908708288]},"properties":{"OBJECTID":6,"name":"Basher 1","flag_id":4,"flag_id_zeroed":"04","filename":"Basher1_04"}},{"type":"Feature","id":7,"geometry":{"type":"Point","coordinates":[-149.74012137510798,61.154303653211969]},"properties":{"OBJECTID":7,"name":"Basher 1","flag_id":5,"flag_id_zeroed":"05","filename":"Basher1_05"}},{"type":"Feature","id":8,"geometry":{"type":"Point","coordinates":[-149.74019842360991,61.154327191285525]},"properties":{"OBJECTID":8,"name":"Basher 1","flag_id":6,"flag_id_zeroed":"06","filename":"Basher1_06"}},{"type":"Feature","id":9,"geometry":{"type":"Point","coordinates":[-149.74027365122674,61.154347757993939]},"properties":{"OBJECTID":9,"name":"Basher 1","flag_id":7,"flag_id_zeroed":"07","filename":"Basher1_07"}},{"type":"Feature","id":10,"geometry":{"type":"Point","coordinates":[-149.74034275412998,61.154366537807519]},"properties":{"OBJECTID":10,"name":"Basher 1","flag_id":8,"flag_id_zeroed":"08","filename":"Basher1_08"}},{"type":"Feature","id":11,"geometry":{"type":"Point","coordinates":[-149.74041644742431,61.154389004052831]},"properties":{"OBJECTID":11,"name":"Basher 1","flag_id":9,"flag_id_zeroed":"09","filename":"Basher1_09"}},{"type":"Feature","id":12,"geometry":{"type":"Point","coordinates":[-149.74047571197855,61.1544032531516]},"properties":{"OBJECTID":12,"name":"Basher 1","flag_id":10,"flag_id_zeroed":"10","filename":"Basher1_10"}},{"type":"Feature","id":13,"geometry":{"type":"Point","coordinates":[-149.74052533221987,61.154417675167672]},"properties":{"OBJECTID":13,"name":"Basher 1","flag_id":11,"flag_id_zeroed":"11","filename":"Basher1_11"}},{"type":"Feature","id":14,"geometry":{"type":"Point","coordinates":[-149.74057566482523,61.15443267532293]},"properties":{"OBJECTID":14,"name":"Basher 1","flag_id":12,"flag_id_zeroed":"12","filename":"Basher1_12"}},{"type":"Feature","id":15,"geometry":{"type":"Point","coordinates":[-149.74062434632714,61.154446564686275]},"properties":{"OBJECTID":15,"name":"Basher 1","flag_id":13,"flag_id_zeroed":"13","filename":"Basher1_13"}},{"type":"Feature","id":16,"geometry":{"type":"Point","coordinates":[-149.74067919925503,61.154464011326745]},"properties":{"OBJECTID":16,"name":"Basher 1","flag_id":14,"flag_id_zeroed":"14","filename":"Basher1_14"}},{"type":"Feature","id":17,"geometry":{"type":"Point","coordinates":[-149.740741463284,61.154481166284789]},"properties":{"OBJECTID":17,"name":"Basher 1","flag_id":15,"flag_id_zeroed":"15","filename":"Basher1_15"}},{"type":"Feature","id":18,"geometry":{"type":"Point","coordinates":[-149.7408056344363,61.154494130768768]},"properties":{"OBJECTID":18,"name":"Basher 1","flag_id":16,"flag_id_zeroed":"16","filename":"Basher1_16"}},{"type":"Feature","id":19,"geometry":{"type":"Point","coordinates":[-149.74087904745627,61.154511129689496]},"properties":{"OBJECTID":19,"name":"Basher 1","flag_id":17,"flag_id_zeroed":"17","filename":"Basher1_17"}},{"type":"Feature","id":20,"geometry":{"type":"Point","coordinates":[-149.74093589194914,61.154529321293893]},"properties":{"OBJECTID":20,"name":"Basher 1","flag_id":18,"flag_id_zeroed":"18","filename":"Basher1_18"}},{"type":"Feature","id":21,"geometry":{"type":"Point","coordinates":[-149.7410055383331,61.154546295925755]},"properties":{"OBJECTID":21,"name":"Basher 1","flag_id":19,"flag_id_zeroed":"19","filename":"Basher1_19"}},{"type":"Feature","id":22,"geometry":{"type":"Point","coordinates":[-149.74107612704984,61.15455949138034]},"properties":{"OBJECTID":22,"name":"Basher 1","flag_id":20,"flag_id_zeroed":"20","filename":"Basher1_20"}},{"type":"Feature","id":23,"geometry":{"type":"Point","coordinates":[-149.74114222508842,61.154575509502834]},"properties":{"OBJECTID":23,"name":"Basher 1","flag_id":21,"flag_id_zeroed":"21","filename":"Basher1_21"}},{"type":"Feature","id":24,"geometry":{"type":"Point","coordinates":[-149.74121023833521,61.154589804890165]},"properties":{"OBJECTID":24,"name":"Basher 1","flag_id":22,"flag_id_zeroed":"22","filename":"Basher1_22"}},{"type":"Feature","id":25,"geometry":{"type":"Point","coordinates":[-149.74127552160186,61.154604892941819]},"properties":{"OBJECTID":25,"name":"Basher 1","flag_id":23,"flag_id_zeroed":"23","filename":"Basher1_23"}},{"type":"Feature","id":26,"geometry":{"type":"Point","coordinates":[-149.74133913849366,61.154618602805876]},"properties":{"OBJECTID":26,"name":"Basher 1","flag_id":24,"flag_id_zeroed":"24","filename":"Basher1_24"}},{"type":"Feature","id":27,"geometry":{"type":"Point","coordinates":[-149.74139304010566,61.154630134879845]},"properties":{"OBJECTID":27,"name":"Basher 1","flag_id":25,"flag_id_zeroed":"25","filename":"Basher1_25"}},{"type":"Feature","id":28,"geometry":{"type":"Point","coordinates":[-149.74144634523631,61.154642461786359]},"properties":{"OBJECTID":28,"name":"Basher 1","flag_id":26,"flag_id_zeroed":"26","filename":"Basher1_26"}},{"type":"Feature","id":29,"geometry":{"type":"Point","coordinates":[-149.73000269245884,61.083818541759172]},"properties":{"OBJECTID":29,"name":"Heights Hill","flag_id":1,"flag_id_zeroed":"01","filename":"HeightsHill_01"}},{"type":"Feature","id":30,"geometry":{"type":"Point","coordinates":[-149.73000073952142,61.083796009654641]},"properties":{"OBJECTID":30,"name":"Heights Hill","flag_id":2,"flag_id_zeroed":"02","filename":"HeightsHill_02"}},{"type":"Feature","id":31,"geometry":{"type":"Point","coordinates":[-149.73000159920915,61.083770461753957]},"properties":{"OBJECTID":31,"name":"Heights Hill","flag_id":3,"flag_id_zeroed":"03","filename":"HeightsHill_03"}},{"type":"Feature","id":32,"geometry":{"type":"Point","coordinates":[-149.73000104764355,61.083746690377488]},"properties":{"OBJECTID":32,"name":"Heights Hill","flag_id":4,"flag_id_zeroed":"04","filename":"HeightsHill_04"}},{"type":"Feature","id":33,"geometry":{"type":"Point","coordinates":[-149.72999938665859,61.083721465168978]},"properties":{"OBJECTID":33,"name":"Heights Hill","flag_id":5,"flag_id_zeroed":"05","filename":"HeightsHill_05"}},{"type":"Feature","id":34,"geometry":{"type":"Point","coordinates":[-149.73000115274644,61.083693600746308]},"properties":{"OBJECTID":34,"name":"Heights Hill","flag_id":6,"flag_id_zeroed":"06","filename":"HeightsHill_06"}},{"type":"Feature","id":35,"geometry":{"type":"Point","coordinates":[-149.72999772387701,61.083667021148209]},"properties":{"OBJECTID":35,"name":"Heights Hill","flag_id":7,"flag_id_zeroed":"07","filename":"HeightsHill_07"}},{"type":"Feature","id":36,"geometry":{"type":"Point","coordinates":[-149.72999518254309,61.083641389745438]},"properties":{"OBJECTID":36,"name":"Heights Hill","flag_id":8,"flag_id_zeroed":"08","filename":"HeightsHill_08"}},{"type":"Feature","id":37,"geometry":{"type":"Point","coordinates":[-149.72999688934209,61.083614447408834]},"properties":{"OBJECTID":37,"name":"Heights Hill","flag_id":9,"flag_id_zeroed":"09","filename":"HeightsHill_09"}},{"type":"Feature","id":38,"geometry":{"type":"Point","coordinates":[-149.72999699354668,61.08358660026655]},"properties":{"OBJECTID":38,"name":"Heights Hill","flag_id":10,"flag_id_zeroed":"10","filename":"HeightsHill_10"}},{"type":"Feature","id":39,"geometry":{"type":"Point","coordinates":[-149.72999989061347,61.083558886450014]},"properties":{"OBJECTID":39,"name":"Heights Hill","flag_id":11,"flag_id_zeroed":"11","filename":"HeightsHill_11"}},{"type":"Feature","id":40,"geometry":{"type":"Point","coordinates":[-149.7299996848993,61.0835334730114]},"properties":{"OBJECTID":40,"name":"Heights Hill","flag_id":12,"flag_id_zeroed":"12","filename":"HeightsHill_12"}},{"type":"Feature","id":41,"geometry":{"type":"Point","coordinates":[-149.73000119676391,61.083506731260158]},"properties":{"OBJECTID":41,"name":"Heights Hill","flag_id":13,"flag_id_zeroed":"13","filename":"HeightsHill_13"}},{"type":"Feature","id":42,"geometry":{"type":"Point","coordinates":[-149.73000353238365,61.083480307442784]},"properties":{"OBJECTID":42,"name":"Heights Hill","flag_id":14,"flag_id_zeroed":"14","filename":"HeightsHill_14"}},{"type":"Feature","id":43,"geometry":{"type":"Point","coordinates":[-149.73000322785478,61.083454426127737]},"properties":{"OBJECTID":43,"name":"Heights Hill","flag_id":15,"flag_id_zeroed":"15","filename":"HeightsHill_15"}},{"type":"Feature","id":44,"geometry":{"type":"Point","coordinates":[-149.73000632434753,61.083428204681894]},"properties":{"OBJECTID":44,"name":"Heights Hill","flag_id":16,"flag_id_zeroed":"16","filename":"HeightsHill_16"}},{"type":"Feature","id":45,"geometry":{"type":"Point","coordinates":[-149.73000661719834,61.083401229151846]},"properties":{"OBJECTID":45,"name":"Heights Hill","flag_id":17,"flag_id_zeroed":"17","filename":"HeightsHill_17"}},{"type":"Feature","id":46,"geometry":{"type":"Point","coordinates":[-149.73000941994201,61.083374778315573]},"properties":{"OBJECTID":46,"name":"Heights Hill","flag_id":18,"flag_id_zeroed":"18","filename":"HeightsHill_18"}},{"type":"Feature","id":47,"geometry":{"type":"Point","coordinates":[-149.73000933819534,61.083356098742918]},"properties":{"OBJECTID":47,"name":"Heights Hill","flag_id":19,"flag_id_zeroed":"19","filename":"HeightsHill_19"}},{"type":"Feature","id":49,"geometry":{"type":"Point","coordinates":[-149.7300088252573,61.083331103004177]},"properties":{"OBJECTID":49,"name":"Heights Hill","flag_id":20,"flag_id_zeroed":"20","filename":"HeightsHill_20"}},{"type":"Feature","id":52,"geometry":{"type":"Point","coordinates":[-149.73001024818871,61.083308924997787]},"properties":{"OBJECTID":52,"name":"Heights Hill","flag_id":21,"flag_id_zeroed":"21","filename":"HeightsHill_21"}},{"type":"Feature","id":53,"geometry":{"type":"Point","coordinates":[-149.73001065063397,61.083279305359412]},"properties":{"OBJECTID":53,"name":"Heights Hill","flag_id":22,"flag_id_zeroed":"22","filename":"HeightsHill_22"}},{"type":"Feature","id":54,"geometry":{"type":"Point","coordinates":[-149.73001482151184,61.083252475216355]},"properties":{"OBJECTID":54,"name":"Heights Hill","flag_id":23,"flag_id_zeroed":"23","filename":"HeightsHill_23"}},{"type":"Feature","id":55,"geometry":{"type":"Point","coordinates":[-149.73001743740593,61.083226534640708]},"properties":{"OBJECTID":55,"name":"Heights Hill","flag_id":24,"flag_id_zeroed":"24","filename":"HeightsHill_24"}},{"type":"Feature","id":56,"geometry":{"type":"Point","coordinates":[-149.73001842016285,61.083197905290106]},"properties":{"OBJECTID":56,"name":"Heights Hill","flag_id":25,"flag_id_zeroed":"25","filename":"HeightsHill_25"}},{"type":"Feature","id":57,"geometry":{"type":"Point","coordinates":[-149.73002044855878,61.083171196267585]},"properties":{"OBJECTID":57,"name":"Heights Hill","flag_id":26,"flag_id_zeroed":"26","filename":"HeightsHill_26"}},{"type":"Feature","id":58,"geometry":{"type":"Point","coordinates":[-149.73002352708525,61.083143907336783]},"properties":{"OBJECTID":58,"name":"Heights Hill","flag_id":27,"flag_id_zeroed":"27","filename":"HeightsHill_27"}},{"type":"Feature","id":59,"geometry":{"type":"Point","coordinates":[-149.73002487455818,61.083117405898342]},"properties":{"OBJECTID":59,"name":"Heights Hill","flag_id":28,"flag_id_zeroed":"28","filename":"HeightsHill_28"}},{"type":"Feature","id":60,"geometry":{"type":"Point","coordinates":[-149.73002535785179,61.083091140736059]},"properties":{"OBJECTID":60,"name":"Heights Hill","flag_id":29,"flag_id_zeroed":"29","filename":"HeightsHill_29"}},{"type":"Feature","id":61,"geometry":{"type":"Point","coordinates":[-149.73002803393302,61.083063527694442]},"properties":{"OBJECTID":61,"name":"Heights Hill","flag_id":30,"flag_id_zeroed":"30","filename":"HeightsHill_30"}},{"type":"Feature","id":62,"geometry":{"type":"Point","coordinates":[-149.73002729372124,61.083035494155894]},"properties":{"OBJECTID":62,"name":"Heights Hill","flag_id":31,"flag_id_zeroed":"31","filename":"HeightsHill_31"}},{"type":"Feature","id":63,"geometry":{"type":"Point","coordinates":[-149.73002699817548,61.083009694139307]},"properties":{"OBJECTID":63,"name":"Heights Hill","flag_id":32,"flag_id_zeroed":"32","filename":"HeightsHill_32"}},{"type":"Feature","id":64,"geometry":{"type":"Point","coordinates":[-149.73002678078319,61.082982928923755]},"properties":{"OBJECTID":64,"name":"Heights Hill","flag_id":33,"flag_id_zeroed":"33","filename":"HeightsHill_33"}},{"type":"Feature","id":65,"geometry":{"type":"Point","coordinates":[-149.73002661010329,61.082955915658061]},"properties":{"OBJECTID":65,"name":"Heights Hill","flag_id":34,"flag_id_zeroed":"34","filename":"HeightsHill_34"}},{"type":"Feature","id":66,"geometry":{"type":"Point","coordinates":[-149.73002659752686,61.082929026166013]},"properties":{"OBJECTID":66,"name":"Heights Hill","flag_id":35,"flag_id_zeroed":"35","filename":"HeightsHill_35"}},{"type":"Feature","id":67,"geometry":{"type":"Point","coordinates":[-149.76366227420235,61.166680628871546]},"properties":{"OBJECTID":67,"name":"Basher 2","flag_id":1,"flag_id_zeroed":"01","filename":"Basher2_01"}},{"type":"Feature","id":68,"geometry":{"type":"Point","coordinates":[-149.76364675670411,61.166651551703033]},"properties":{"OBJECTID":68,"name":"Basher 2","flag_id":2,"flag_id_zeroed":"02","filename":"Basher2_02"}},{"type":"Feature","id":69,"geometry":{"type":"Point","coordinates":[-149.76362350381302,61.16663134955779]},"properties":{"OBJECTID":69,"name":"Basher 2","flag_id":3,"flag_id_zeroed":"03","filename":"Basher2_03"}},{"type":"Feature","id":70,"geometry":{"type":"Point","coordinates":[-149.76359892231355,61.166616915794691]},"properties":{"OBJECTID":70,"name":"Basher 2","flag_id":4,"flag_id_zeroed":"04","filename":"Basher2_04"}},{"type":"Feature","id":71,"geometry":{"type":"Point","coordinates":[-149.76357894198503,61.166599253628597]},"properties":{"OBJECTID":71,"name":"Basher 2","flag_id":5,"flag_id_zeroed":"05","filename":"Basher2_05"}},{"type":"Feature","id":72,"geometry":{"type":"Point","coordinates":[-149.76355886374009,61.166573437709587]},"properties":{"OBJECTID":72,"name":"Basher 2","flag_id":6,"flag_id_zeroed":"06","filename":"Basher2_06"}},{"type":"Feature","id":73,"geometry":{"type":"Point","coordinates":[-149.76353539345666,61.16654894527548]},"properties":{"OBJECTID":73,"name":"Basher 2","flag_id":7,"flag_id_zeroed":"07","filename":"Basher2_07"}},{"type":"Feature","id":74,"geometry":{"type":"Point","coordinates":[-149.76350952017984,61.166523291775263]},"properties":{"OBJECTID":74,"name":"Basher 2","flag_id":8,"flag_id_zeroed":"08","filename":"Basher2_08"}},{"type":"Feature","id":75,"geometry":{"type":"Point","coordinates":[-149.76346312758534,61.166491570477447]},"properties":{"OBJECTID":75,"name":"Basher 2","flag_id":10,"flag_id_zeroed":"10","filename":"Basher2_10"}},{"type":"Feature","id":76,"geometry":{"type":"Point","coordinates":[-149.76344241602811,61.166458384405757]},"properties":{"OBJECTID":76,"name":"Basher 2","flag_id":11,"flag_id_zeroed":"11","filename":"Basher2_11"}},{"type":"Feature","id":77,"geometry":{"type":"Point","coordinates":[-149.76341719043666,61.166439719661973]},"properties":{"OBJECTID":77,"name":"Basher 2","flag_id":11,"flag_id_zeroed":"11","filename":"Basher2_11"}},{"type":"Feature","id":78,"geometry":{"type":"Point","coordinates":[-149.76339734665203,61.166420115668927]},"properties":{"OBJECTID":78,"name":"Basher 2","flag_id":12,"flag_id_zeroed":"12","filename":"Basher2_12"}},{"type":"Feature","id":79,"geometry":{"type":"Point","coordinates":[-149.76337263220191,61.16639689637379]},"properties":{"OBJECTID":79,"name":"Basher 2","flag_id":13,"flag_id_zeroed":"13","filename":"Basher2_13"}},{"type":"Feature","id":80,"geometry":{"type":"Point","coordinates":[-149.76335113551715,61.166364297660671]},"properties":{"OBJECTID":80,"name":"Basher 2","flag_id":14,"flag_id_zeroed":"14","filename":"Basher2_14"}},{"type":"Feature","id":81,"geometry":{"type":"Point","coordinates":[-149.76332619020005,61.166342209485506]},"properties":{"OBJECTID":81,"name":"Basher 2","flag_id":15,"flag_id_zeroed":"15","filename":"Basher2_15"}},{"type":"Feature","id":82,"geometry":{"type":"Point","coordinates":[-149.76330090082817,61.166324556263397]},"properties":{"OBJECTID":82,"name":"Basher 2","flag_id":16,"flag_id_zeroed":"16","filename":"Basher2_16"}},{"type":"Feature","id":83,"geometry":{"type":"Point","coordinates":[-149.76326764429803,61.166304927071451]},"properties":{"OBJECTID":83,"name":"Basher 2","flag_id":17,"flag_id_zeroed":"17","filename":"Basher2_17"}},{"type":"Feature","id":84,"geometry":{"type":"Point","coordinates":[-149.76323057801275,61.166285419171665]},"properties":{"OBJECTID":84,"name":"Basher 2","flag_id":18,"flag_id_zeroed":"18","filename":"Basher2_18"}},{"type":"Feature","id":85,"geometry":{"type":"Point","coordinates":[-149.76319832220588,61.166270312443999]},"properties":{"OBJECTID":85,"name":"Basher 2","flag_id":19,"flag_id_zeroed":"19","filename":"Basher2_19"}},{"type":"Feature","id":86,"geometry":{"type":"Point","coordinates":[-149.76317457254638,61.166247829963424]},"properties":{"OBJECTID":86,"name":"Basher 2","flag_id":20,"flag_id_zeroed":"20","filename":"Basher2_20"}},{"type":"Feature","id":87,"geometry":{"type":"Point","coordinates":[-149.76314396874128,61.166223536995858]},"properties":{"OBJECTID":87,"name":"Basher 2","flag_id":21,"flag_id_zeroed":"21","filename":"Basher2_21"}},{"type":"Feature","id":88,"geometry":{"type":"Point","coordinates":[-149.76311974926293,61.166198206854538]},"properties":{"OBJECTID":88,"name":"Basher 2","flag_id":22,"flag_id_zeroed":"22","filename":"Basher2_22"}},{"type":"Feature","id":89,"geometry":{"type":"Point","coordinates":[-149.76308570940185,61.166183643790305]},"properties":{"OBJECTID":89,"name":"Basher 2","flag_id":23,"flag_id_zeroed":"23","filename":"Basher2_23"}},{"type":"Feature","id":90,"geometry":{"type":"Point","coordinates":[-149.76305195969661,61.16615932651235]},"properties":{"OBJECTID":90,"name":"Basher 2","flag_id":24,"flag_id_zeroed":"24","filename":"Basher2_24"}},{"type":"Feature","id":91,"geometry":{"type":"Point","coordinates":[-149.76301391424772,61.166127716189102]},"properties":{"OBJECTID":91,"name":"Basher 2","flag_id":25,"flag_id_zeroed":"25","filename":"Basher2_25"}},{"type":"Feature","id":92,"geometry":{"type":"Point","coordinates":[-149.76297895900339,61.166104462020137]},"properties":{"OBJECTID":92,"name":"Basher 2","flag_id":26,"flag_id_zeroed":"26","filename":"Basher2_26"}},{"type":"Feature","id":93,"geometry":{"type":"Point","coordinates":[-149.76294015178308,61.166080169808623]},"properties":{"OBJECTID":93,"name":"Basher 2","flag_id":27,"flag_id_zeroed":"27","filename":"Basher2_27"}},{"type":"Feature","id":94,"geometry":{"type":"Point","coordinates":[-149.76292162043711,61.166063061880074]},"properties":{"OBJECTID":94,"name":"Basher 2","flag_id":28,"flag_id_zeroed":"28","filename":"Basher2_28"}},{"type":"Feature","id":95,"geometry":{"type":"Point","coordinates":[-149.76289511654298,61.166040261691826]},"properties":{"OBJECTID":95,"name":"Basher 2","flag_id":29,"flag_id_zeroed":"29","filename":"Basher2_29"}},{"type":"Feature","id":96,"geometry":{"type":"Point","coordinates":[-149.76286886238046,61.166010888034414]},"properties":{"OBJECTID":96,"name":"Basher 2","flag_id":30,"flag_id_zeroed":"30","filename":"Basher2_30"}},{"type":"Feature","id":97,"geometry":{"type":"Point","coordinates":[-149.76283666047249,61.165987833066922]},"properties":{"OBJECTID":97,"name":"Basher 2","flag_id":31,"flag_id_zeroed":"31","filename":"Basher2_31"}},{"type":"Feature","id":98,"geometry":{"type":"Point","coordinates":[-149.76280945409579,61.165969687492478]},"properties":{"OBJECTID":98,"name":"Basher 2","flag_id":32,"flag_id_zeroed":"32","filename":"Basher2_32"}},{"type":"Feature","id":101,"geometry":{"type":"Point","coordinates":[-149.76349470157092,61.166504745340795]},"properties":{"OBJECTID":101,"name":"Basher 2","flag_id":9,"flag_id_zeroed":"09","filename":"Basher2_09"}},{"type":"Feature","id":102,"geometry":{"type":"Point","coordinates":[-149.76091696699851,61.163832379983255]},"properties":{"OBJECTID":102,"name":"Basher 3","flag_id":1,"flag_id_zeroed":"01","filename":"Basher3_01"}},{"type":"Feature","id":103,"geometry":{"type":"Point","coordinates":[-149.76094805858881,61.163851249037059]},"properties":{"OBJECTID":103,"name":"Basher 3","flag_id":2,"flag_id_zeroed":"02","filename":"Basher3_02"}},{"type":"Feature","id":104,"geometry":{"type":"Point","coordinates":[-149.76098239848722,61.16387488657179]},"properties":{"OBJECTID":104,"name":"Basher 3","flag_id":3,"flag_id_zeroed":"03","filename":"Basher3_03"}},{"type":"Feature","id":105,"geometry":{"type":"Point","coordinates":[-149.76101195126338,61.163899075198856]},"properties":{"OBJECTID":105,"name":"Basher 3","flag_id":4,"flag_id_zeroed":"04","filename":"Basher3_04"}},{"type":"Feature","id":106,"geometry":{"type":"Point","coordinates":[-149.76103741401013,61.163918617069164]},"properties":{"OBJECTID":106,"name":"Basher 3","flag_id":5,"flag_id_zeroed":"05","filename":"Basher3_05"}},{"type":"Feature","id":107,"geometry":{"type":"Point","coordinates":[-149.76106766567565,61.163940571763725]},"properties":{"OBJECTID":107,"name":"Basher 3","flag_id":6,"flag_id_zeroed":"06","filename":"Basher3_06"}},{"type":"Feature","id":108,"geometry":{"type":"Point","coordinates":[-149.76110082249278,61.163961017825635]},"properties":{"OBJECTID":108,"name":"Basher 3","flag_id":7,"flag_id_zeroed":"07","filename":"Basher3_07"}},{"type":"Feature","id":109,"geometry":{"type":"Point","coordinates":[-149.76113612269017,61.163981833013061]},"properties":{"OBJECTID":109,"name":"Basher 3","flag_id":8,"flag_id_zeroed":"08","filename":"Basher3_08"}},{"type":"Feature","id":110,"geometry":{"type":"Point","coordinates":[-149.7611748553503,61.164007290579931]},"properties":{"OBJECTID":110,"name":"Basher 3","flag_id":9,"flag_id_zeroed":"09","filename":"Basher3_09"}},{"type":"Feature","id":111,"geometry":{"type":"Point","coordinates":[-149.76121348470411,61.164033360323721]},"properties":{"OBJECTID":111,"name":"Basher 3","flag_id":10,"flag_id_zeroed":"10","filename":"Basher3_10"}},{"type":"Feature","id":112,"geometry":{"type":"Point","coordinates":[-149.76126561214343,61.164068194469358]},"properties":{"OBJECTID":112,"name":"Basher 3","flag_id":11,"flag_id_zeroed":"11","filename":"Basher3_11"}},{"type":"Feature","id":113,"geometry":{"type":"Point","coordinates":[-149.76129782662784,61.164092363018241]},"properties":{"OBJECTID":113,"name":"Basher 3","flag_id":12,"flag_id_zeroed":"12","filename":"Basher3_12"}},{"type":"Feature","id":114,"geometry":{"type":"Point","coordinates":[-149.76133385266402,61.164116358244755]},"properties":{"OBJECTID":114,"name":"Basher 3","flag_id":13,"flag_id_zeroed":"13","filename":"Basher3_13"}},{"type":"Feature","id":115,"geometry":{"type":"Point","coordinates":[-149.76136968286741,61.164138787220644]},"properties":{"OBJECTID":115,"name":"Basher 3","flag_id":14,"flag_id_zeroed":"14","filename":"Basher3_14"}},{"type":"Feature","id":116,"geometry":{"type":"Point","coordinates":[-149.76141356916233,61.164167096371216]},"properties":{"OBJECTID":116,"name":"Basher 3","flag_id":15,"flag_id_zeroed":"15","filename":"Basher3_15"}},{"type":"Feature","id":117,"geometry":{"type":"Point","coordinates":[-149.76145831963652,61.164195303247325]},"properties":{"OBJECTID":117,"name":"Basher 3","flag_id":16,"flag_id_zeroed":"16","filename":"Basher3_16"}},{"type":"Feature","id":118,"geometry":{"type":"Point","coordinates":[-149.76149445526713,61.16421695663486]},"properties":{"OBJECTID":118,"name":"Basher 3","flag_id":17,"flag_id_zeroed":"17","filename":"Basher3_17"}},{"type":"Feature","id":119,"geometry":{"type":"Point","coordinates":[-149.76153187908187,61.164244244959754]},"properties":{"OBJECTID":119,"name":"Basher 3","flag_id":18,"flag_id_zeroed":"18","filename":"Basher3_18"}},{"type":"Feature","id":120,"geometry":{"type":"Point","coordinates":[-149.76155921481597,61.164267003986978]},"properties":{"OBJECTID":120,"name":"Basher 3","flag_id":19,"flag_id_zeroed":"19","filename":"Basher3_19"}},{"type":"Feature","id":121,"geometry":{"type":"Point","coordinates":[-149.76159386014155,61.164297302972521]},"properties":{"OBJECTID":121,"name":"Basher 3","flag_id":20,"flag_id_zeroed":"20","filename":"Basher3_20"}},{"type":"Feature","id":122,"geometry":{"type":"Point","coordinates":[-149.76163388278238,61.164335140594943]},"properties":{"OBJECTID":122,"name":"Basher 3","flag_id":21,"flag_id_zeroed":"21","filename":"Basher3_21"}},{"type":"Feature","id":123,"geometry":{"type":"Point","coordinates":[-149.76166791276196,61.164365144900849]},"properties":{"OBJECTID":123,"name":"Basher 3","flag_id":22,"flag_id_zeroed":"22","filename":"Basher3_22"}},{"type":"Feature","id":124,"geometry":{"type":"Point","coordinates":[-149.7617000697542,61.164392301387792]},"properties":{"OBJECTID":124,"name":"Basher 3","flag_id":23,"flag_id_zeroed":"23","filename":"Basher3_23"}},{"type":"Feature","id":125,"geometry":{"type":"Point","coordinates":[-149.76173896051779,61.164422853274189]},"properties":{"OBJECTID":125,"name":"Basher 3","flag_id":24,"flag_id_zeroed":"24","filename":"Basher3_24"}},{"type":"Feature","id":126,"geometry":{"type":"Point","coordinates":[-149.76176889777295,61.16445049712334]},"properties":{"OBJECTID":126,"name":"Basher 3","flag_id":25,"flag_id_zeroed":"25","filename":"Basher3_25"}},{"type":"Feature","id":127,"geometry":{"type":"Point","coordinates":[-149.76179046183134,61.164482252101401]},"properties":{"OBJECTID":127,"name":"Basher 3","flag_id":26,"flag_id_zeroed":"26","filename":"Basher3_26"}},{"type":"Feature","id":128,"geometry":{"type":"Point","coordinates":[-149.76181876684765,61.164505399152702]},"properties":{"OBJECTID":128,"name":"Basher 3","flag_id":27,"flag_id_zeroed":"27","filename":"Basher3_27"}},{"type":"Feature","id":129,"geometry":{"type":"Point","coordinates":[-149.76184713923755,61.164527413661197]},"properties":{"OBJECTID":129,"name":"Basher 3","flag_id":28,"flag_id_zeroed":"28","filename":"Basher3_28"}},{"type":"Feature","id":130,"geometry":{"type":"Point","coordinates":[-149.7618728957334,61.164551517303444]},"properties":{"OBJECTID":130,"name":"Basher 3","flag_id":29,"flag_id_zeroed":"29","filename":"Basher3_29"}},{"type":"Feature","id":131,"geometry":{"type":"Point","coordinates":[-149.76189656723943,61.164573514449621]},"properties":{"OBJECTID":131,"name":"Basher 3","flag_id":30,"flag_id_zeroed":"30","filename":"Basher3_30"}},{"type":"Feature","id":132,"geometry":{"type":"Point","coordinates":[-149.7889567314437,61.143845082366987]},"properties":{"OBJECTID":132,"name":"Sahalee","flag_id":1,"flag_id_zeroed":"01","filename":"Sahalee_01"}},{"type":"Feature","id":133,"geometry":{"type":"Point","coordinates":[-149.78894346781854,61.143817132592915]},"properties":{"OBJECTID":133,"name":"Sahalee","flag_id":2,"flag_id_zeroed":"02","filename":"Sahalee_02"}},{"type":"Feature","id":134,"geometry":{"type":"Point","coordinates":[-149.78892978557843,61.143791211755492]},"properties":{"OBJECTID":134,"name":"Sahalee","flag_id":3,"flag_id_zeroed":"03","filename":"Sahalee_03"}},{"type":"Feature","id":135,"geometry":{"type":"Point","coordinates":[-149.788917829002,61.143760596535088]},"properties":{"OBJECTID":135,"name":"Sahalee","flag_id":4,"flag_id_zeroed":"04","filename":"Sahalee_04"}},{"type":"Feature","id":136,"geometry":{"type":"Point","coordinates":[-149.78890337780402,61.143734058290946]},"properties":{"OBJECTID":136,"name":"Sahalee","flag_id":5,"flag_id_zeroed":"05","filename":"Sahalee_05"}},{"type":"Feature","id":137,"geometry":{"type":"Point","coordinates":[-149.78889444944841,61.143706527218143]},"properties":{"OBJECTID":137,"name":"Sahalee","flag_id":6,"flag_id_zeroed":"06","filename":"Sahalee_06"}},{"type":"Feature","id":138,"geometry":{"type":"Point","coordinates":[-149.78888493269631,61.143679980691331]},"properties":{"OBJECTID":138,"name":"Sahalee","flag_id":7,"flag_id_zeroed":"07","filename":"Sahalee_07"}},{"type":"Feature","id":139,"geometry":{"type":"Point","coordinates":[-149.78887969731483,61.14365574838201]},"properties":{"OBJECTID":139,"name":"Sahalee","flag_id":8,"flag_id_zeroed":"08","filename":"Sahalee_08"}},{"type":"Feature","id":140,"geometry":{"type":"Point","coordinates":[-149.78888108521195,61.143630271791565]},"properties":{"OBJECTID":140,"name":"Sahalee","flag_id":9,"flag_id_zeroed":"09","filename":"Sahalee_09"}},{"type":"Feature","id":141,"geometry":{"type":"Point","coordinates":[-149.78887243802902,61.143604156140697]},"properties":{"OBJECTID":141,"name":"Sahalee","flag_id":10,"flag_id_zeroed":"10","filename":"Sahalee_10"}},{"type":"Feature","id":142,"geometry":{"type":"Point","coordinates":[-149.78886060811504,61.143578789194684]},"properties":{"OBJECTID":142,"name":"Sahalee","flag_id":11,"flag_id_zeroed":"11","filename":"Sahalee_11"}},{"type":"Feature","id":143,"geometry":{"type":"Point","coordinates":[-149.78885162855545,61.14355218229808]},"properties":{"OBJECTID":143,"name":"Sahalee","flag_id":12,"flag_id_zeroed":"12","filename":"Sahalee_12"}},{"type":"Feature","id":144,"geometry":{"type":"Point","coordinates":[-149.78883933331417,61.143523928351506]},"properties":{"OBJECTID":144,"name":"Sahalee","flag_id":13,"flag_id_zeroed":"13","filename":"Sahalee_13"}},{"type":"Feature","id":145,"geometry":{"type":"Point","coordinates":[-149.7888294734056,61.143498150342467]},"properties":{"OBJECTID":145,"name":"Sahalee","flag_id":14,"flag_id_zeroed":"14","filename":"Sahalee_14"}},{"type":"Feature","id":146,"geometry":{"type":"Point","coordinates":[-149.78882143528045,61.143471550748181]},"properties":{"OBJECTID":146,"name":"Sahalee","flag_id":15,"flag_id_zeroed":"15","filename":"Sahalee_15"}},{"type":"Feature","id":147,"geometry":{"type":"Point","coordinates":[-149.78881993329728,61.143445938743561]},"properties":{"OBJECTID":147,"name":"Sahalee","flag_id":16,"flag_id_zeroed":"16","filename":"Sahalee_16"}},{"type":"Feature","id":148,"geometry":{"type":"Point","coordinates":[-149.78881288242061,61.143420984404131]},"properties":{"OBJECTID":148,"name":"Sahalee","flag_id":17,"flag_id_zeroed":"17","filename":"Sahalee_17"}},{"type":"Feature","id":149,"geometry":{"type":"Point","coordinates":[-149.78880451191881,61.143393666362073]},"properties":{"OBJECTID":149,"name":"Sahalee","flag_id":18,"flag_id_zeroed":"18","filename":"Sahalee_18"}},{"type":"Feature","id":150,"geometry":{"type":"Point","coordinates":[-149.78879668579606,61.143368161379748]},"properties":{"OBJECTID":150,"name":"Sahalee","flag_id":19,"flag_id_zeroed":"19","filename":"Sahalee_19"}},{"type":"Feature","id":151,"geometry":{"type":"Point","coordinates":[-149.78878556555114,61.14334173639454]},"properties":{"OBJECTID":151,"name":"Sahalee","flag_id":20,"flag_id_zeroed":"20","filename":"Sahalee_20"}},{"type":"Feature","id":152,"geometry":{"type":"Point","coordinates":[-149.7887763587178,61.143316380509852]},"properties":{"OBJECTID":152,"name":"Sahalee","flag_id":21,"flag_id_zeroed":"21","filename":"Sahalee_21"}},{"type":"Feature","id":153,"geometry":{"type":"Point","coordinates":[-149.78876518187906,61.143289337245221]},"properties":{"OBJECTID":153,"name":"Sahalee","flag_id":22,"flag_id_zeroed":"22","filename":"Sahalee_22"}},{"type":"Feature","id":154,"geometry":{"type":"Point","coordinates":[-149.78875435178995,61.143261723844432]},"properties":{"OBJECTID":154,"name":"Sahalee","flag_id":23,"flag_id_zeroed":"23","filename":"Sahalee_23"}},{"type":"Feature","id":155,"geometry":{"type":"Point","coordinates":[-149.78874263506373,61.143237506821784]},"properties":{"OBJECTID":155,"name":"Sahalee","flag_id":24,"flag_id_zeroed":"24","filename":"Sahalee_24"}},{"type":"Feature","id":156,"geometry":{"type":"Point","coordinates":[-149.78873086623517,61.143214659788029]},"properties":{"OBJECTID":156,"name":"Sahalee","flag_id":25,"flag_id_zeroed":"25","filename":"Sahalee_25"}},{"type":"Feature","id":157,"geometry":{"type":"Point","coordinates":[-149.78872300328149,61.143188470957455]},"properties":{"OBJECTID":157,"name":"Sahalee","flag_id":26,"flag_id_zeroed":"26","filename":"Sahalee_26"}},{"type":"Feature","id":158,"geometry":{"type":"Point","coordinates":[-149.7887224283597,61.143162237449801]},"properties":{"OBJECTID":158,"name":"Sahalee","flag_id":27,"flag_id_zeroed":"27","filename":"Sahalee_27"}},{"type":"Feature","id":159,"geometry":{"type":"Point","coordinates":[-149.78872240769846,61.143134933490906]},"properties":{"OBJECTID":159,"name":"Sahalee","flag_id":28,"flag_id_zeroed":"28","filename":"Sahalee_28"}},{"type":"Feature","id":160,"geometry":{"type":"Point","coordinates":[-149.7887245016714,61.143104983564115]},"properties":{"OBJECTID":160,"name":"Sahalee","flag_id":29,"flag_id_zeroed":"29","filename":"Sahalee_29"}},{"type":"Feature","id":161,"geometry":{"type":"Point","coordinates":[-149.78872396537716,61.143075700840107]},"properties":{"OBJECTID":161,"name":"Sahalee","flag_id":30,"flag_id_zeroed":"30","filename":"Sahalee_30"}},{"type":"Feature","id":162,"geometry":{"type":"Point","coordinates":[-149.78872339674359,61.143048848997971]},"properties":{"OBJECTID":162,"name":"Sahalee","flag_id":31,"flag_id_zeroed":"31","filename":"Sahalee_31"}},{"type":"Feature","id":163,"geometry":{"type":"Point","coordinates":[-149.78872670973035,61.143022174454671]},"properties":{"OBJECTID":163,"name":"Sahalee","flag_id":32,"flag_id_zeroed":"32","filename":"Sahalee_32"}},{"type":"Feature","id":164,"geometry":{"type":"Point","coordinates":[-149.78872725321111,61.142995103190827]},"properties":{"OBJECTID":164,"name":"Sahalee","flag_id":33,"flag_id_zeroed":"33","filename":"Sahalee_33"}},{"type":"Feature","id":165,"geometry":{"type":"Point","coordinates":[-149.74657606597012,61.138244264376247]},"properties":{"OBJECTID":165,"name":"Hilltop","flag_id":1,"flag_id_zeroed":"01","filename":"Hilltop_01"}},{"type":"Feature","id":166,"geometry":{"type":"Point","coordinates":[-149.74662537359774,61.13823440310437]},"properties":{"OBJECTID":166,"name":"Hilltop","flag_id":2,"flag_id_zeroed":"02","filename":"Hilltop_02"}},{"type":"Feature","id":167,"geometry":{"type":"Point","coordinates":[-149.74668263311227,61.1382301246244]},"properties":{"OBJECTID":167,"name":"Hilltop","flag_id":3,"flag_id_zeroed":"03","filename":"Hilltop_03"}},{"type":"Feature","id":168,"geometry":{"type":"Point","coordinates":[-149.74673964559008,61.138225583373028]},"properties":{"OBJECTID":168,"name":"Hilltop","flag_id":4,"flag_id_zeroed":"04","filename":"Hilltop_04"}},{"type":"Feature","id":169,"geometry":{"type":"Point","coordinates":[-149.7467947006389,61.138218726181996]},"properties":{"OBJECTID":169,"name":"Hilltop","flag_id":5,"flag_id_zeroed":"05","filename":"Hilltop_05"}},{"type":"Feature","id":170,"geometry":{"type":"Point","coordinates":[-149.74684587406739,61.138209515758831]},"properties":{"OBJECTID":170,"name":"Hilltop","flag_id":6,"flag_id_zeroed":"06","filename":"Hilltop_06"}},{"type":"Feature","id":171,"geometry":{"type":"Point","coordinates":[-149.74689911990922,61.138200312704448]},"properties":{"OBJECTID":171,"name":"Hilltop","flag_id":7,"flag_id_zeroed":"07","filename":"Hilltop_07"}},{"type":"Feature","id":172,"geometry":{"type":"Point","coordinates":[-149.74695777630401,61.138190727632029]},"properties":{"OBJECTID":172,"name":"Hilltop","flag_id":8,"flag_id_zeroed":"08","filename":"Hilltop_08"}},{"type":"Feature","id":173,"geometry":{"type":"Point","coordinates":[-149.74701536819518,61.138182705307884]},"properties":{"OBJECTID":173,"name":"Hilltop","flag_id":9,"flag_id_zeroed":"09","filename":"Hilltop_09"}},{"type":"Feature","id":174,"geometry":{"type":"Point","coordinates":[-149.7470692141116,61.138176981145726]},"properties":{"OBJECTID":174,"name":"Hilltop","flag_id":10,"flag_id_zeroed":"10","filename":"Hilltop_10"}},{"type":"Feature","id":175,"geometry":{"type":"Point","coordinates":[-149.74712095437704,61.138169917976576]},"properties":{"OBJECTID":175,"name":"Hilltop","flag_id":11,"flag_id_zeroed":"11","filename":"Hilltop_11"}},{"type":"Feature","id":176,"geometry":{"type":"Point","coordinates":[-149.74717096089395,61.138162466285891]},"properties":{"OBJECTID":176,"name":"Hilltop","flag_id":12,"flag_id_zeroed":"12","filename":"Hilltop_12"}},{"type":"Feature","id":177,"geometry":{"type":"Point","coordinates":[-149.74722352491449,61.138155558781669]},"properties":{"OBJECTID":177,"name":"Hilltop","flag_id":13,"flag_id_zeroed":"13","filename":"Hilltop_13"}},{"type":"Feature","id":178,"geometry":{"type":"Point","coordinates":[-149.74727378026475,61.138148045514086]},"properties":{"OBJECTID":178,"name":"Hilltop","flag_id":14,"flag_id_zeroed":"14","filename":"Hilltop_14"}},{"type":"Feature","id":179,"geometry":{"type":"Point","coordinates":[-149.74732111249708,61.138140194891172]},"properties":{"OBJECTID":179,"name":"Hilltop","flag_id":15,"flag_id_zeroed":"15","filename":"Hilltop_15"}},{"type":"Feature","id":180,"geometry":{"type":"Point","coordinates":[-149.74736659779319,61.138133820730303]},"properties":{"OBJECTID":180,"name":"Hilltop","flag_id":16,"flag_id_zeroed":"16","filename":"Hilltop_16"}},{"type":"Feature","id":181,"geometry":{"type":"Point","coordinates":[-149.74742166811336,61.138124520523753]},"properties":{"OBJECTID":181,"name":"Hilltop","flag_id":17,"flag_id_zeroed":"17","filename":"Hilltop_17"}},{"type":"Feature","id":182,"geometry":{"type":"Point","coordinates":[-149.74747448545881,61.138116863288026]},"properties":{"OBJECTID":182,"name":"Hilltop","flag_id":18,"flag_id_zeroed":"18","filename":"Hilltop_18"}},{"type":"Feature","id":183,"geometry":{"type":"Point","coordinates":[-149.74752154999317,61.138106113061902]},"properties":{"OBJECTID":183,"name":"Hilltop","flag_id":19,"flag_id_zeroed":"19","filename":"Hilltop_19"}},{"type":"Feature","id":184,"geometry":{"type":"Point","coordinates":[-149.74758153589457,61.138097059141622]},"properties":{"OBJECTID":184,"name":"Hilltop","flag_id":20,"flag_id_zeroed":"20","filename":"Hilltop_20"}},{"type":"Feature","id":185,"geometry":{"type":"Point","coordinates":[-149.74763504673942,61.138088056819171]},"properties":{"OBJECTID":185,"name":"Hilltop","flag_id":21,"flag_id_zeroed":"21","filename":"Hilltop_21"}},{"type":"Feature","id":186,"geometry":{"type":"Point","coordinates":[-149.74768487898316,61.138076242486598]},"properties":{"OBJECTID":186,"name":"Hilltop","flag_id":22,"flag_id_zeroed":"22","filename":"Hilltop_22"}},{"type":"Feature","id":187,"geometry":{"type":"Point","coordinates":[-149.74773058795978,61.138064607233552]},"properties":{"OBJECTID":187,"name":"Hilltop","flag_id":23,"flag_id_zeroed":"23","filename":"Hilltop_23"}},{"type":"Feature","id":188,"geometry":{"type":"Point","coordinates":[-149.74777960363494,61.138042828359545]},"properties":{"OBJECTID":188,"name":"Hilltop","flag_id":24,"flag_id_zeroed":"24","filename":"Hilltop_24"}},{"type":"Feature","id":189,"geometry":{"type":"Point","coordinates":[-149.74782288805858,61.13802259575214]},"properties":{"OBJECTID":189,"name":"Hilltop","flag_id":25,"flag_id_zeroed":"25","filename":"Hilltop_25"}},{"type":"Feature","id":190,"geometry":{"type":"Point","coordinates":[-149.74786111856045,61.138007260849385]},"properties":{"OBJECTID":190,"name":"Hilltop","flag_id":26,"flag_id_zeroed":"26","filename":"Hilltop_26"}},{"type":"Feature","id":191,"geometry":{"type":"Point","coordinates":[-149.74790108370914,61.1379959837397]},"properties":{"OBJECTID":191,"name":"Hilltop","flag_id":27,"flag_id_zeroed":"27","filename":"Hilltop_27"}},{"type":"Feature","id":192,"geometry":{"type":"Point","coordinates":[-149.74794728226755,61.137982983426078]},"properties":{"OBJECTID":192,"name":"Hilltop","flag_id":28,"flag_id_zeroed":"28","filename":"Hilltop_28"}},{"type":"Feature","id":193,"geometry":{"type":"Point","coordinates":[-149.74798736060396,61.137968957598943]},"properties":{"OBJECTID":193,"name":"Hilltop","flag_id":29,"flag_id_zeroed":"29","filename":"Hilltop_29"}},{"type":"Feature","id":194,"geometry":{"type":"Point","coordinates":[-149.74803888886697,61.137947796132387]},"properties":{"OBJECTID":194,"name":"Hilltop","flag_id":30,"flag_id_zeroed":"30","filename":"Hilltop_30"}},{"type":"Feature","id":195,"geometry":{"type":"Point","coordinates":[-149.74807505504032,61.137931573574797]},"properties":{"OBJECTID":195,"name":"Hilltop","flag_id":31,"flag_id_zeroed":"31","filename":"Hilltop_31"}},{"type":"Feature","id":196,"geometry":{"type":"Point","coordinates":[-149.74811487735684,61.137915267753939]},"properties":{"OBJECTID":196,"name":"Hilltop","flag_id":32,"flag_id_zeroed":"32","filename":"Hilltop_32"}},{"type":"Feature","id":197,"geometry":{"type":"Point","coordinates":[-149.74816201285813,61.137907457833407]},"properties":{"OBJECTID":197,"name":"Hilltop","flag_id":33,"flag_id_zeroed":"33","filename":"Hilltop_33"}},{"type":"Feature","id":198,"geometry":{"type":"Point","coordinates":[-149.71757567460114,61.138096593870664]},"properties":{"OBJECTID":198,"name":"Prospect Heights","flag_id":1,"flag_id_zeroed":"01","filename":"ProspectHeights_01"}},{"type":"Feature","id":199,"geometry":{"type":"Point","coordinates":[-149.71763111951878,61.138113371372867]},"properties":{"OBJECTID":199,"name":"Prospect Heights","flag_id":2,"flag_id_zeroed":"02","filename":"ProspectHeights_02"}},{"type":"Feature","id":200,"geometry":{"type":"Point","coordinates":[-149.71768069214946,61.138127684189982]},"properties":{"OBJECTID":200,"name":"Prospect Heights","flag_id":3,"flag_id_zeroed":"03","filename":"ProspectHeights_03"}},{"type":"Feature","id":201,"geometry":{"type":"Point","coordinates":[-149.71772103638713,61.138140846616544]},"properties":{"OBJECTID":201,"name":"Prospect Heights","flag_id":4,"flag_id_zeroed":"04","filename":"ProspectHeights_04"}},{"type":"Feature","id":202,"geometry":{"type":"Point","coordinates":[-149.7177743487043,61.138156226984123]},"properties":{"OBJECTID":202,"name":"Prospect Heights","flag_id":5,"flag_id_zeroed":"05","filename":"ProspectHeights_05"}},{"type":"Feature","id":203,"geometry":{"type":"Point","coordinates":[-149.71782462381751,61.138167956298041]},"properties":{"OBJECTID":203,"name":"Prospect Heights","flag_id":6,"flag_id_zeroed":"06","filename":"ProspectHeights_06"}},{"type":"Feature","id":204,"geometry":{"type":"Point","coordinates":[-149.71787694529294,61.138177066134446]},"properties":{"OBJECTID":204,"name":"Prospect Heights","flag_id":7,"flag_id_zeroed":"07","filename":"ProspectHeights_07"}},{"type":"Feature","id":205,"geometry":{"type":"Point","coordinates":[-149.71793118467147,61.138187805062415]},"properties":{"OBJECTID":205,"name":"Prospect Heights","flag_id":8,"flag_id_zeroed":"08","filename":"ProspectHeights_08"}},{"type":"Feature","id":206,"geometry":{"type":"Point","coordinates":[-149.71798277671485,61.138201462652795]},"properties":{"OBJECTID":206,"name":"Prospect Heights","flag_id":9,"flag_id_zeroed":"09","filename":"ProspectHeights_09"}},{"type":"Feature","id":207,"geometry":{"type":"Point","coordinates":[-149.71803201607054,61.138209770724714]},"properties":{"OBJECTID":207,"name":"Prospect Heights","flag_id":10,"flag_id_zeroed":"10","filename":"ProspectHeights_10"}},{"type":"Feature","id":208,"geometry":{"type":"Point","coordinates":[-149.71808902226013,61.138221947076033]},"properties":{"OBJECTID":208,"name":"Prospect Heights","flag_id":11,"flag_id_zeroed":"11","filename":"ProspectHeights_11"}},{"type":"Feature","id":209,"geometry":{"type":"Point","coordinates":[-149.71814090266273,61.138226550768493]},"properties":{"OBJECTID":209,"name":"Prospect Heights","flag_id":12,"flag_id_zeroed":"12","filename":"ProspectHeights_12"}},{"type":"Feature","id":210,"geometry":{"type":"Point","coordinates":[-149.71819305435653,61.138227276206621]},"properties":{"OBJECTID":210,"name":"Prospect Heights","flag_id":13,"flag_id_zeroed":"13","filename":"ProspectHeights_13"}},{"type":"Feature","id":211,"geometry":{"type":"Point","coordinates":[-149.71824832769599,61.138227879365282]},"properties":{"OBJECTID":211,"name":"Prospect Heights","flag_id":14,"flag_id_zeroed":"14","filename":"ProspectHeights_14"}},{"type":"Feature","id":212,"geometry":{"type":"Point","coordinates":[-149.71830187537176,61.138229399619938]},"properties":{"OBJECTID":212,"name":"Prospect Heights","flag_id":15,"flag_id_zeroed":"15","filename":"ProspectHeights_15"}},{"type":"Feature","id":213,"geometry":{"type":"Point","coordinates":[-149.71835356712816,61.138219766424996]},"properties":{"OBJECTID":213,"name":"Prospect Heights","flag_id":16,"flag_id_zeroed":"16","filename":"ProspectHeights_16"}},{"type":"Feature","id":214,"geometry":{"type":"Point","coordinates":[-149.71840635752415,61.138209247350929]},"properties":{"OBJECTID":214,"name":"Prospect Heights","flag_id":17,"flag_id_zeroed":"17","filename":"ProspectHeights_17"}},{"type":"Feature","id":215,"geometry":{"type":"Point","coordinates":[-149.7184608439394,61.138202056272412]},"properties":{"OBJECTID":215,"name":"Prospect Heights","flag_id":18,"flag_id_zeroed":"18","filename":"ProspectHeights_18"}},{"type":"Feature","id":216,"geometry":{"type":"Point","coordinates":[-149.71851103910251,61.138193207913424]},"properties":{"OBJECTID":216,"name":"Prospect Heights","flag_id":19,"flag_id_zeroed":"19","filename":"ProspectHeights_19"}},{"type":"Feature","id":217,"geometry":{"type":"Point","coordinates":[-149.71856436938597,61.138189507437552]},"properties":{"OBJECTID":217,"name":"Prospect Heights","flag_id":20,"flag_id_zeroed":"20","filename":"ProspectHeights_20"}},{"type":"Feature","id":218,"geometry":{"type":"Point","coordinates":[-149.71861845066104,61.13818919133174]},"properties":{"OBJECTID":218,"name":"Prospect Heights","flag_id":21,"flag_id_zeroed":"21","filename":"ProspectHeights_21"}},{"type":"Feature","id":219,"geometry":{"type":"Point","coordinates":[-149.71867152941624,61.138184547307581]},"properties":{"OBJECTID":219,"name":"Prospect Heights","flag_id":22,"flag_id_zeroed":"22","filename":"ProspectHeights_22"}},{"type":"Feature","id":220,"geometry":{"type":"Point","coordinates":[-149.71872748278034,61.138182292072081]},"properties":{"OBJECTID":220,"name":"Prospect Heights","flag_id":23,"flag_id_zeroed":"23","filename":"ProspectHeights_23"}},{"type":"Feature","id":221,"geometry":{"type":"Point","coordinates":[-149.71877468206199,61.138188225236014]},"properties":{"OBJECTID":221,"name":"Prospect Heights","flag_id":24,"flag_id_zeroed":"24","filename":"ProspectHeights_24"}},{"type":"Feature","id":222,"geometry":{"type":"Point","coordinates":[-149.71882184990261,61.138193124659239]},"properties":{"OBJECTID":222,"name":"Prospect Heights","flag_id":25,"flag_id_zeroed":"25","filename":"ProspectHeights_25"}},{"type":"Feature","id":223,"geometry":{"type":"Point","coordinates":[-149.71887372042374,61.138196737544341]},"properties":{"OBJECTID":223,"name":"Prospect Heights","flag_id":26,"flag_id_zeroed":"26","filename":"ProspectHeights_26"}},{"type":"Feature","id":224,"geometry":{"type":"Point","coordinates":[-149.7189317686591,61.138195988690228]},"properties":{"OBJECTID":224,"name":"Prospect Heights","flag_id":27,"flag_id_zeroed":"27","filename":"ProspectHeights_27"}},{"type":"Feature","id":225,"geometry":{"type":"Point","coordinates":[-149.71898745073199,61.138186624326885]},"properties":{"OBJECTID":225,"name":"Prospect Heights","flag_id":28,"flag_id_zeroed":"28","filename":"ProspectHeights_28"}},{"type":"Feature","id":226,"geometry":{"type":"Point","coordinates":[-149.71904398350944,61.138175806046803]},"properties":{"OBJECTID":226,"name":"Prospect Heights","flag_id":29,"flag_id_zeroed":"29","filename":"ProspectHeights_29"}},{"type":"Feature","id":227,"geometry":{"type":"Point","coordinates":[-149.71909656280133,61.138164004755559]},"properties":{"OBJECTID":227,"name":"Prospect Heights","flag_id":30,"flag_id_zeroed":"30","filename":"ProspectHeights_30"}},{"type":"Feature","id":228,"geometry":{"type":"Point","coordinates":[-149.71914620909385,61.138158073755122]},"properties":{"OBJECTID":228,"name":"Prospect Heights","flag_id":31,"flag_id_zeroed":"31","filename":"ProspectHeights_31"}},{"type":"Feature","id":229,"geometry":{"type":"Point","coordinates":[-149.7192006029826,61.138161805455034]},"properties":{"OBJECTID":229,"name":"Prospect Heights","flag_id":32,"flag_id_zeroed":"32","filename":"ProspectHeights_32"}},{"type":"Feature","id":230,"geometry":{"type":"Point","coordinates":[-149.71925821463671,61.138164908844928]},"properties":{"OBJECTID":230,"name":"Prospect Heights","flag_id":33,"flag_id_zeroed":"33","filename":"ProspectHeights_33"}},{"type":"Feature","id":231,"geometry":{"type":"Point","coordinates":[-149.71931104725351,61.138169578021689]},"properties":{"OBJECTID":231,"name":"Prospect Heights","flag_id":34,"flag_id_zeroed":"34","filename":"ProspectHeights_34"}},{"type":"Feature","id":232,"geometry":{"type":"Point","coordinates":[-149.71936550941425,61.138171509347011]},"properties":{"OBJECTID":232,"name":"Prospect Heights","flag_id":35,"flag_id_zeroed":"35","filename":"ProspectHeights_35"}},{"type":"Feature","id":233,"geometry":{"type":"Point","coordinates":[-149.71942165411951,61.138173089876979]},"properties":{"OBJECTID":233,"name":"Prospect Heights","flag_id":36,"flag_id_zeroed":"36","filename":"ProspectHeights_36"}},{"type":"Feature","id":234,"geometry":{"type":"Point","coordinates":[-149.7194776946202,61.138175548478991]},"properties":{"OBJECTID":234,"name":"Prospect Heights","flag_id":37,"flag_id_zeroed":"37","filename":"ProspectHeights_37"}},{"type":"Feature","id":235,"geometry":{"type":"Point","coordinates":[-149.71952995141689,61.138183252964581]},"properties":{"OBJECTID":235,"name":"Prospect Heights","flag_id":38,"flag_id_zeroed":"38","filename":"ProspectHeights_38"}},{"type":"Feature","id":236,"geometry":{"type":"Point","coordinates":[-149.71958100357281,61.138189152306332]},"properties":{"OBJECTID":236,"name":"Prospect Heights","flag_id":39,"flag_id_zeroed":"39","filename":"ProspectHeights_39"}},{"type":"Feature","id":237,"geometry":{"type":"Point","coordinates":[-149.71963375444292,61.13819844598963]},"properties":{"OBJECTID":237,"name":"Prospect Heights","flag_id":40,"flag_id_zeroed":"40","filename":"ProspectHeights_40"}},{"type":"Feature","id":238,"geometry":{"type":"Point","coordinates":[-149.7196861522751,61.138205247248663]},"properties":{"OBJECTID":238,"name":"Prospect Heights","flag_id":41,"flag_id_zeroed":"41","filename":"ProspectHeights_41"}},{"type":"Feature","id":239,"geometry":{"type":"Point","coordinates":[-149.71973143994185,61.138214457673065]},"properties":{"OBJECTID":239,"name":"Prospect Heights","flag_id":42,"flag_id_zeroed":"42","filename":"ProspectHeights_42"}},{"type":"Feature","id":242,"geometry":{"type":"Point","coordinates":[-149.49395910464909,61.283836528649033]},"properties":{"OBJECTID":242,"name":"Hiland Upper","flag_id":2,"flag_id_zeroed":"02","filename":"HilandUpper_02"}},{"type":"Feature","id":243,"geometry":{"type":"Point","coordinates":[-149.49400876711124,61.283850008394715]},"properties":{"OBJECTID":243,"name":"Hiland Upper","flag_id":3,"flag_id_zeroed":"03","filename":"HilandUpper_03"}},{"type":"Feature","id":244,"geometry":{"type":"Point","coordinates":[-149.49390750991077,61.283835678800294]},"properties":{"OBJECTID":244,"name":"Hiland Upper","flag_id":1,"flag_id_zeroed":"01","filename":"HilandUpper_01"}},{"type":"Feature","id":246,"geometry":{"type":"Point","coordinates":[-149.49406631857823,61.283854372877137]},"properties":{"OBJECTID":246,"name":"Hiland Upper","flag_id":4,"flag_id_zeroed":"04","filename":"HilandUpper_04"}},{"type":"Feature","id":247,"geometry":{"type":"Point","coordinates":[-149.49412051753259,61.283862411689284]},"properties":{"OBJECTID":247,"name":"Hiland Upper","flag_id":5,"flag_id_zeroed":"05","filename":"HilandUpper_05"}},{"type":"Feature","id":248,"geometry":{"type":"Point","coordinates":[-149.49417426104111,61.283876735660527]},"properties":{"OBJECTID":248,"name":"Hiland Upper","flag_id":6,"flag_id_zeroed":"06","filename":"HilandUpper_06"}},{"type":"Feature","id":249,"geometry":{"type":"Point","coordinates":[-149.49422605340882,61.28388657127482]},"properties":{"OBJECTID":249,"name":"Hiland Upper","flag_id":7,"flag_id_zeroed":"07","filename":"HilandUpper_07"}},{"type":"Feature","id":250,"geometry":{"type":"Point","coordinates":[-149.4942750538126,61.283897886457225]},"properties":{"OBJECTID":250,"name":"Hiland Upper","flag_id":8,"flag_id_zeroed":"08","filename":"HilandUpper_08"}},{"type":"Feature","id":251,"geometry":{"type":"Point","coordinates":[-149.49432761154495,61.283906491535063]},"properties":{"OBJECTID":251,"name":"Hiland Upper","flag_id":9,"flag_id_zeroed":"09","filename":"HilandUpper_09"}},{"type":"Feature","id":252,"geometry":{"type":"Point","coordinates":[-149.4943802132947,61.283917372075734]},"properties":{"OBJECTID":252,"name":"Hiland Upper","flag_id":10,"flag_id_zeroed":"10","filename":"HilandUpper_10"}},{"type":"Feature","id":253,"geometry":{"type":"Point","coordinates":[-149.49443334325389,61.283925921038509]},"properties":{"OBJECTID":253,"name":"Hiland Upper","flag_id":11,"flag_id_zeroed":"11","filename":"HilandUpper_11"}},{"type":"Feature","id":254,"geometry":{"type":"Point","coordinates":[-149.49448123603494,61.283936114444572]},"properties":{"OBJECTID":254,"name":"Hiland Upper","flag_id":12,"flag_id_zeroed":"12","filename":"HilandUpper_12"}},{"type":"Feature","id":255,"geometry":{"type":"Point","coordinates":[-149.49453318021793,61.28394490337903]},"properties":{"OBJECTID":255,"name":"Hiland Upper","flag_id":13,"flag_id_zeroed":"13","filename":"HilandUpper_13"}},{"type":"Feature","id":256,"geometry":{"type":"Point","coordinates":[-149.49458467165002,61.283953585702641]},"properties":{"OBJECTID":256,"name":"Hiland Upper","flag_id":14,"flag_id_zeroed":"14","filename":"HilandUpper_14"}},{"type":"Feature","id":257,"geometry":{"type":"Point","coordinates":[-149.49463674878365,61.283960314113351]},"properties":{"OBJECTID":257,"name":"Hiland Upper","flag_id":15,"flag_id_zeroed":"15","filename":"HilandUpper_15"}},{"type":"Feature","id":258,"geometry":{"type":"Point","coordinates":[-149.49469125316523,61.283968573884025]},"properties":{"OBJECTID":258,"name":"Hiland Upper","flag_id":16,"flag_id_zeroed":"16","filename":"HilandUpper_16"}},{"type":"Feature","id":259,"geometry":{"type":"Point","coordinates":[-149.49474524999863,61.283975650171158]},"properties":{"OBJECTID":259,"name":"Hiland Upper","flag_id":17,"flag_id_zeroed":"17","filename":"HilandUpper_17"}},{"type":"Feature","id":260,"geometry":{"type":"Point","coordinates":[-149.49479217439583,61.283984094236253]},"properties":{"OBJECTID":260,"name":"Hiland Upper","flag_id":18,"flag_id_zeroed":"18","filename":"HilandUpper_18"}},{"type":"Feature","id":262,"geometry":{"type":"Point","coordinates":[-149.49484869998676,61.283998644316753]},"properties":{"OBJECTID":262,"name":"Hiland Upper","flag_id":19,"flag_id_zeroed":"19","filename":"HilandUpper_19"}},{"type":"Feature","id":263,"geometry":{"type":"Point","coordinates":[-149.49489595406564,61.284007628322314]},"properties":{"OBJECTID":263,"name":"Hiland Upper","flag_id":20,"flag_id_zeroed":"20","filename":"HilandUpper_20"}},{"type":"Feature","id":264,"geometry":{"type":"Point","coordinates":[-149.49500140370358,61.28393829581664]},"properties":{"OBJECTID":264,"name":"Hiland Upper","flag_id":21,"flag_id_zeroed":"21","filename":"HilandUpper_21"}},{"type":"Feature","id":265,"geometry":{"type":"Point","coordinates":[-149.49503192306705,61.283942063366105]},"properties":{"OBJECTID":265,"name":"Hiland Upper","flag_id":22,"flag_id_zeroed":"22","filename":"HilandUpper_22"}},{"type":"Feature","id":266,"geometry":{"type":"Point","coordinates":[-149.49507508801474,61.28394649387247]},"properties":{"OBJECTID":266,"name":"Hiland Upper","flag_id":23,"flag_id_zeroed":"23","filename":"HilandUpper_23"}},{"type":"Feature","id":267,"geometry":{"type":"Point","coordinates":[-149.49513782455756,61.283954757531298]},"properties":{"OBJECTID":267,"name":"Hiland Upper","flag_id":24,"flag_id_zeroed":"24","filename":"HilandUpper_24"}},{"type":"Feature","id":268,"geometry":{"type":"Point","coordinates":[-149.49519407975561,61.283964041951776]},"properties":{"OBJECTID":268,"name":"Hiland Upper","flag_id":25,"flag_id_zeroed":"25","filename":"HilandUpper_25"}},{"type":"Feature","id":269,"geometry":{"type":"Point","coordinates":[-149.49524061518227,61.283972410919446]},"properties":{"OBJECTID":269,"name":"Hiland Upper","flag_id":26,"flag_id_zeroed":"26","filename":"HilandUpper_26"}},{"type":"Feature","id":270,"geometry":{"type":"Point","coordinates":[-149.49529958778405,61.283978421123045]},"properties":{"OBJECTID":270,"name":"Hiland Upper","flag_id":27,"flag_id_zeroed":"27","filename":"HilandUpper_27"}},{"type":"Feature","id":271,"geometry":{"type":"Point","coordinates":[-149.4953550668377,61.283980283530617]},"properties":{"OBJECTID":271,"name":"Hiland Upper","flag_id":28,"flag_id_zeroed":"28","filename":"HilandUpper_28"}},{"type":"Feature","id":272,"geometry":{"type":"Point","coordinates":[-149.4954096871019,61.283974488701993]},"properties":{"OBJECTID":272,"name":"Hiland Upper","flag_id":29,"flag_id_zeroed":"29","filename":"HilandUpper_29"}},{"type":"Feature","id":273,"geometry":{"type":"Point","coordinates":[-149.4954632365743,61.283983029880197]},"properties":{"OBJECTID":273,"name":"Hiland Upper","flag_id":30,"flag_id_zeroed":"30","filename":"HilandUpper_30"}},{"type":"Feature","id":274,"geometry":{"type":"Point","coordinates":[-149.4955167267579,61.283989214884727]},"properties":{"OBJECTID":274,"name":"Hiland Upper","flag_id":31,"flag_id_zeroed":"31","filename":"HilandUpper_31"}},{"type":"Feature","id":275,"geometry":{"type":"Point","coordinates":[-149.4955648279481,61.284002543069001]},"properties":{"OBJECTID":275,"name":"Hiland Upper","flag_id":32,"flag_id_zeroed":"32","filename":"HilandUpper_32"}},{"type":"Feature","id":276,"geometry":{"type":"Point","coordinates":[-149.49561710360942,61.284017229530335]},"properties":{"OBJECTID":276,"name":"Hiland Upper","flag_id":33,"flag_id_zeroed":"33","filename":"HilandUpper_33"}},{"type":"Feature","id":280,"geometry":{"type":"Point","coordinates":[-149.54616822866308,61.292411885182126]},"properties":{"OBJECTID":280,"name":"Hiland Lower","flag_id":3,"flag_id_zeroed":"03","filename":"HilandLower_03"}},{"type":"Feature","id":281,"geometry":{"type":"Point","coordinates":[-149.54622307799769,61.292420416297475]},"properties":{"OBJECTID":281,"name":"Hiland Lower","flag_id":4,"flag_id_zeroed":"04","filename":"HilandLower_04"}},{"type":"Feature","id":282,"geometry":{"type":"Point","coordinates":[-149.54627689067647,61.292427042786059]},"properties":{"OBJECTID":282,"name":"Hiland Lower","flag_id":5,"flag_id_zeroed":"05","filename":"HilandLower_05"}},{"type":"Feature","id":283,"geometry":{"type":"Point","coordinates":[-149.54633008711096,61.292435753831164]},"properties":{"OBJECTID":283,"name":"Hiland Lower","flag_id":6,"flag_id_zeroed":"06","filename":"HilandLower_06"}},{"type":"Feature","id":284,"geometry":{"type":"Point","coordinates":[-149.54638050236136,61.292443444385746]},"properties":{"OBJECTID":284,"name":"Hiland Lower","flag_id":7,"flag_id_zeroed":"07","filename":"HilandLower_07"}},{"type":"Feature","id":285,"geometry":{"type":"Point","coordinates":[-149.54643394762917,61.292456737912474]},"properties":{"OBJECTID":285,"name":"Hiland Lower","flag_id":8,"flag_id_zeroed":"08","filename":"HilandLower_08"}},{"type":"Feature","id":286,"geometry":{"type":"Point","coordinates":[-149.54648175417196,61.292464518644515]},"properties":{"OBJECTID":286,"name":"Hiland Lower","flag_id":9,"flag_id_zeroed":"09","filename":"HilandLower_09"}},{"type":"Feature","id":287,"geometry":{"type":"Point","coordinates":[-149.54653215145603,61.292476947013689]},"properties":{"OBJECTID":287,"name":"Hiland Lower","flag_id":10,"flag_id_zeroed":"10","filename":"HilandLower_10"}},{"type":"Feature","id":288,"geometry":{"type":"Point","coordinates":[-149.54658049429304,61.292489721868741]},"properties":{"OBJECTID":288,"name":"Hiland Lower","flag_id":11,"flag_id_zeroed":"11","filename":"HilandLower_11"}},{"type":"Feature","id":289,"geometry":{"type":"Point","coordinates":[-149.5466300552456,61.292500830284041]},"properties":{"OBJECTID":289,"name":"Hiland Lower","flag_id":12,"flag_id_zeroed":"12","filename":"HilandLower_12"}},{"type":"Feature","id":290,"geometry":{"type":"Point","coordinates":[-149.54668099960367,61.292513183990216]},"properties":{"OBJECTID":290,"name":"Hiland Lower","flag_id":13,"flag_id_zeroed":"13","filename":"HilandLower_13"}},{"type":"Feature","id":291,"geometry":{"type":"Point","coordinates":[-149.54673276053032,61.292524251405197]},"properties":{"OBJECTID":291,"name":"Hiland Lower","flag_id":14,"flag_id_zeroed":"14","filename":"HilandLower_14"}},{"type":"Feature","id":292,"geometry":{"type":"Point","coordinates":[-149.54678177710383,61.292535734345726]},"properties":{"OBJECTID":292,"name":"Hiland Lower","flag_id":15,"flag_id_zeroed":"15","filename":"HilandLower_15"}},{"type":"Feature","id":293,"geometry":{"type":"Point","coordinates":[-149.5468323810004,61.29254772817167]},"properties":{"OBJECTID":293,"name":"Hiland Lower","flag_id":16,"flag_id_zeroed":"16","filename":"HilandLower_16"}},{"type":"Feature","id":294,"geometry":{"type":"Point","coordinates":[-149.54688180810396,61.292559465685308]},"properties":{"OBJECTID":294,"name":"Hiland Lower","flag_id":17,"flag_id_zeroed":"17","filename":"HilandLower_17"}},{"type":"Feature","id":295,"geometry":{"type":"Point","coordinates":[-149.5469237818856,61.292569368480883]},"properties":{"OBJECTID":295,"name":"Hiland Lower","flag_id":18,"flag_id_zeroed":"18","filename":"HilandLower_18"}},{"type":"Feature","id":296,"geometry":{"type":"Point","coordinates":[-149.54697129108607,61.29258016015131]},"properties":{"OBJECTID":296,"name":"Hiland Lower","flag_id":19,"flag_id_zeroed":"19","filename":"HilandLower_19"}},{"type":"Feature","id":297,"geometry":{"type":"Point","coordinates":[-149.54702277443326,61.292591743609478]},"properties":{"OBJECTID":297,"name":"Hiland Lower","flag_id":20,"flag_id_zeroed":"20","filename":"HilandLower_20"}},{"type":"Feature","id":298,"geometry":{"type":"Point","coordinates":[-149.54707125740751,61.29260366147107]},"properties":{"OBJECTID":298,"name":"Hiland Lower","flag_id":21,"flag_id_zeroed":"21","filename":"HilandLower_21"}},{"type":"Feature","id":299,"geometry":{"type":"Point","coordinates":[-149.54712287999359,61.292614047094148]},"properties":{"OBJECTID":299,"name":"Hiland Lower","flag_id":22,"flag_id_zeroed":"22","filename":"HilandLower_22"}},{"type":"Feature","id":300,"geometry":{"type":"Point","coordinates":[-149.54717375338478,61.292625955454426]},"properties":{"OBJECTID":300,"name":"Hiland Lower","flag_id":23,"flag_id_zeroed":"23","filename":"HilandLower_23"}},{"type":"Feature","id":301,"geometry":{"type":"Point","coordinates":[-149.54722344638964,61.292635916480641]},"properties":{"OBJECTID":301,"name":"Hiland Lower","flag_id":24,"flag_id_zeroed":"24","filename":"HilandLower_24"}},{"type":"Feature","id":302,"geometry":{"type":"Point","coordinates":[-149.54727634099021,61.292644302984804]},"properties":{"OBJECTID":302,"name":"Hiland Lower","flag_id":25,"flag_id_zeroed":"25","filename":"HilandLower_25"}},{"type":"Feature","id":303,"geometry":{"type":"Point","coordinates":[-149.54732962725626,61.292653317309231]},"properties":{"OBJECTID":303,"name":"Hiland Lower","flag_id":26,"flag_id_zeroed":"26","filename":"HilandLower_26"}},{"type":"Feature","id":304,"geometry":{"type":"Point","coordinates":[-149.54738177895007,61.292662236271141]},"properties":{"OBJECTID":304,"name":"Hiland Lower","flag_id":27,"flag_id_zeroed":"27","filename":"HilandLower_27"}},{"type":"Feature","id":305,"geometry":{"type":"Point","coordinates":[-149.54743654294475,61.29267103527549]},"properties":{"OBJECTID":305,"name":"Hiland Lower","flag_id":28,"flag_id_zeroed":"28","filename":"HilandLower_28"}},{"type":"Feature","id":306,"geometry":{"type":"Point","coordinates":[-149.54748640034131,61.292679207318365]},"properties":{"OBJECTID":306,"name":"Hiland Lower","flag_id":29,"flag_id_zeroed":"29","filename":"HilandLower_29"}},{"type":"Feature","id":307,"geometry":{"type":"Point","coordinates":[-149.54753852149241,61.292687289608601]},"properties":{"OBJECTID":307,"name":"Hiland Lower","flag_id":30,"flag_id_zeroed":"30","filename":"HilandLower_30"}},{"type":"Feature","id":308,"geometry":{"type":"Point","coordinates":[-149.54759291538119,61.292697231198218]},"properties":{"OBJECTID":308,"name":"Hiland Lower","flag_id":31,"flag_id_zeroed":"31","filename":"HilandLower_31"}},{"type":"Feature","id":309,"geometry":{"type":"Point","coordinates":[-149.54764634537767,61.29270722715264]},"properties":{"OBJECTID":309,"name":"Hiland Lower","flag_id":32,"flag_id_zeroed":"32","filename":"HilandLower_32"}},{"type":"Feature","id":310,"geometry":{"type":"Point","coordinates":[-149.54770007630975,61.292716861944903]},"properties":{"OBJECTID":310,"name":"Hiland Lower","flag_id":33,"flag_id_zeroed":"33","filename":"HilandLower_33"}},{"type":"Feature","id":311,"geometry":{"type":"Point","coordinates":[-149.54606546408951,61.292399889146807]},"properties":{"OBJECTID":311,"name":"Hiland Lower","flag_id":1,"flag_id_zeroed":"01","filename":"HilandLower_01"}},{"type":"Feature","id":312,"geometry":{"type":"Point","coordinates":[-149.54612062424121,61.292405971522612]},"properties":{"OBJECTID":312,"name":"Hiland Lower","flag_id":2,"flag_id_zeroed":"02","filename":"HilandLower_02"}},{"type":"Feature","id":315,"geometry":{"type":"Point","coordinates":[-149.74129136788346,61.14417090400628]},"properties":{"OBJECTID":315,"name":"Gasline 1","flag_id":3,"flag_id_zeroed":"03","filename":"Gasline1_03"}},{"type":"Feature","id":316,"geometry":{"type":"Point","coordinates":[-149.74126660492436,61.144193035451785]},"properties":{"OBJECTID":316,"name":"Gasline 1","flag_id":4,"flag_id_zeroed":"04","filename":"Gasline1_04"}},{"type":"Feature","id":317,"geometry":{"type":"Point","coordinates":[-149.74124472106573,61.144217240036149]},"properties":{"OBJECTID":317,"name":"Gasline 1","flag_id":5,"flag_id_zeroed":"05","filename":"Gasline1_05"}},{"type":"Feature","id":318,"geometry":{"type":"Point","coordinates":[-149.7412216226848,61.144242415714878]},"properties":{"OBJECTID":318,"name":"Gasline 1","flag_id":6,"flag_id_zeroed":"06","filename":"Gasline1_06"}},{"type":"Feature","id":319,"geometry":{"type":"Point","coordinates":[-149.74119687050546,61.14426567299347]},"properties":{"OBJECTID":319,"name":"Gasline 1","flag_id":7,"flag_id_zeroed":"07","filename":"Gasline1_07"}},{"type":"Feature","id":320,"geometry":{"type":"Point","coordinates":[-149.74117200783334,61.144290871610764]},"properties":{"OBJECTID":320,"name":"Gasline 1","flag_id":8,"flag_id_zeroed":"08","filename":"Gasline1_08"}},{"type":"Feature","id":321,"geometry":{"type":"Point","coordinates":[-149.74114554256678,61.144319452187297]},"properties":{"OBJECTID":321,"name":"Gasline 1","flag_id":9,"flag_id_zeroed":"09","filename":"Gasline1_09"}},{"type":"Feature","id":322,"geometry":{"type":"Point","coordinates":[-149.74112614524486,61.144342625304077]},"properties":{"OBJECTID":322,"name":"Gasline 1","flag_id":10,"flag_id_zeroed":"10","filename":"Gasline1_10"}},{"type":"Feature","id":323,"geometry":{"type":"Point","coordinates":[-149.74110767767922,61.144368603348383]},"properties":{"OBJECTID":323,"name":"Gasline 1","flag_id":11,"flag_id_zeroed":"11","filename":"Gasline1_11"}},{"type":"Feature","id":324,"geometry":{"type":"Point","coordinates":[-149.74108476075801,61.144393127310103]},"properties":{"OBJECTID":324,"name":"Gasline 1","flag_id":12,"flag_id_zeroed":"12","filename":"Gasline1_12"}},{"type":"Feature","id":325,"geometry":{"type":"Point","coordinates":[-149.74105514509975,61.144415044002379]},"properties":{"OBJECTID":325,"name":"Gasline 1","flag_id":13,"flag_id_zeroed":"13","filename":"Gasline1_13"}},{"type":"Feature","id":326,"geometry":{"type":"Point","coordinates":[-149.74102461046493,61.144437508661227]},"properties":{"OBJECTID":326,"name":"Gasline 1","flag_id":14,"flag_id_zeroed":"14","filename":"Gasline1_14"}},{"type":"Feature","id":327,"geometry":{"type":"Point","coordinates":[-149.74100127762372,61.144462448757793]},"properties":{"OBJECTID":327,"name":"Gasline 1","flag_id":15,"flag_id_zeroed":"15","filename":"Gasline1_15"}},{"type":"Feature","id":328,"geometry":{"type":"Point","coordinates":[-149.74097495069771,61.144487041577733]},"properties":{"OBJECTID":328,"name":"Gasline 1","flag_id":16,"flag_id_zeroed":"16","filename":"Gasline1_16"}},{"type":"Feature","id":329,"geometry":{"type":"Point","coordinates":[-149.74094983739562,61.144509859511373]},"properties":{"OBJECTID":329,"name":"Gasline 1","flag_id":17,"flag_id_zeroed":"17","filename":"Gasline1_17"}},{"type":"Feature","id":330,"geometry":{"type":"Point","coordinates":[-149.74092676506586,61.144530578283145]},"properties":{"OBJECTID":330,"name":"Gasline 1","flag_id":18,"flag_id_zeroed":"18","filename":"Gasline1_18"}},{"type":"Feature","id":331,"geometry":{"type":"Point","coordinates":[-149.74090407721505,61.144554683764277]},"properties":{"OBJECTID":331,"name":"Gasline 1","flag_id":19,"flag_id_zeroed":"19","filename":"Gasline1_19"}},{"type":"Feature","id":332,"geometry":{"type":"Point","coordinates":[-149.74087836294001,61.14457841769358]},"properties":{"OBJECTID":332,"name":"Gasline 1","flag_id":20,"flag_id_zeroed":"20","filename":"Gasline1_20"}},{"type":"Feature","id":333,"geometry":{"type":"Point","coordinates":[-149.74085182760484,61.14460219929304]},"properties":{"OBJECTID":333,"name":"Gasline 1","flag_id":21,"flag_id_zeroed":"21","filename":"Gasline1_21"}},{"type":"Feature","id":334,"geometry":{"type":"Point","coordinates":[-149.74083051776969,61.144626451685234]},"properties":{"OBJECTID":334,"name":"Gasline 1","flag_id":22,"flag_id_zeroed":"22","filename":"Gasline1_22"}},{"type":"Feature","id":335,"geometry":{"type":"Point","coordinates":[-149.74080685075521,61.144651782240295]},"properties":{"OBJECTID":335,"name":"Gasline 1","flag_id":23,"flag_id_zeroed":"23","filename":"Gasline1_23"}},{"type":"Feature","id":336,"geometry":{"type":"Point","coordinates":[-149.74078243993569,61.144676214507946]},"properties":{"OBJECTID":336,"name":"Gasline 1","flag_id":24,"flag_id_zeroed":"24","filename":"Gasline1_24"}},{"type":"Feature","id":337,"geometry":{"type":"Point","coordinates":[-149.74075848007041,61.144700387941498]},"properties":{"OBJECTID":337,"name":"Gasline 1","flag_id":25,"flag_id_zeroed":"25","filename":"Gasline1_25"}},{"type":"Feature","id":338,"geometry":{"type":"Point","coordinates":[-149.74073563501443,61.144723662657306]},"properties":{"OBJECTID":338,"name":"Gasline 1","flag_id":26,"flag_id_zeroed":"26","filename":"Gasline1_26"}},{"type":"Feature","id":339,"geometry":{"type":"Point","coordinates":[-149.74071067891751,61.144749233741038]},"properties":{"OBJECTID":339,"name":"Gasline 1","flag_id":27,"flag_id_zeroed":"27","filename":"Gasline1_27"}},{"type":"Feature","id":340,"geometry":{"type":"Point","coordinates":[-149.74068735775444,61.144772545704001]},"properties":{"OBJECTID":340,"name":"Gasline 1","flag_id":28,"flag_id_zeroed":"28","filename":"Gasline1_28"}},{"type":"Feature","id":341,"geometry":{"type":"Point","coordinates":[-149.74066255257449,61.14479625215742]},"properties":{"OBJECTID":341,"name":"Gasline 1","flag_id":29,"flag_id_zeroed":"29","filename":"Gasline1_29"}},{"type":"Feature","id":342,"geometry":{"type":"Point","coordinates":[-149.74063810851729,61.144820492695388]},"properties":{"OBJECTID":342,"name":"Gasline 1","flag_id":30,"flag_id_zeroed":"30","filename":"Gasline1_30"}},{"type":"Feature","id":343,"geometry":{"type":"Point","coordinates":[-149.74061307426695,61.144844917896101]},"properties":{"OBJECTID":343,"name":"Gasline 1","flag_id":31,"flag_id_zeroed":"31","filename":"Gasline1_31"}},{"type":"Feature","id":344,"geometry":{"type":"Point","coordinates":[-149.74058622541975,61.144870040617882]},"properties":{"OBJECTID":344,"name":"Gasline 1","flag_id":32,"flag_id_zeroed":"32","filename":"Gasline1_32"}},{"type":"Feature","id":345,"geometry":{"type":"Point","coordinates":[-149.74056118577951,61.144895334561511]},"properties":{"OBJECTID":345,"name":"Gasline 1","flag_id":33,"flag_id_zeroed":"33","filename":"Gasline1_33"}},{"type":"Feature","id":346,"geometry":{"type":"Point","coordinates":[-149.7413343917957,61.144122594894355]},"properties":{"OBJECTID":346,"name":"Gasline 1","flag_id":1,"flag_id_zeroed":"01","filename":"Gasline1_01"}},{"type":"Feature","id":347,"geometry":{"type":"Point","coordinates":[-149.74131028640335,61.144145171179503]},"properties":{"OBJECTID":347,"name":"Gasline 1","flag_id":2,"flag_id_zeroed":"02","filename":"Gasline1_02"}},{"type":"Feature","id":348,"geometry":{"type":"Point","coordinates":[-149.73747142407157,61.15048158628899]},"properties":{"OBJECTID":348,"name":"Gasline 2","flag_id":1,"flag_id_zeroed":"01","filename":"Gasline2_01"}},{"type":"Feature","id":349,"geometry":{"type":"Point","coordinates":[-149.73746352698188,61.15050268994321]},"properties":{"OBJECTID":349,"name":"Gasline 2","flag_id":2,"flag_id_zeroed":"02","filename":"Gasline2_02"}},{"type":"Feature","id":350,"geometry":{"type":"Point","coordinates":[-149.7374544513026,61.150528730102778]},"properties":{"OBJECTID":350,"name":"Gasline 2","flag_id":3,"flag_id_zeroed":"03","filename":"Gasline2_03"}},{"type":"Feature","id":351,"geometry":{"type":"Point","coordinates":[-149.73744961117984,61.150552336875656]},"properties":{"OBJECTID":351,"name":"Gasline 2","flag_id":4,"flag_id_zeroed":"04","filename":"Gasline2_04"}},{"type":"Feature","id":352,"geometry":{"type":"Point","coordinates":[-149.73743865173338,61.150581082994663]},"properties":{"OBJECTID":352,"name":"Gasline 2","flag_id":5,"flag_id_zeroed":"05","filename":"Gasline2_05"}},{"type":"Feature","id":353,"geometry":{"type":"Point","coordinates":[-149.73742910084528,61.150607980444015]},"properties":{"OBJECTID":353,"name":"Gasline 2","flag_id":6,"flag_id_zeroed":"06","filename":"Gasline2_06"}},{"type":"Feature","id":354,"geometry":{"type":"Point","coordinates":[-149.73741694843613,61.150636252757209]},"properties":{"OBJECTID":354,"name":"Gasline 2","flag_id":7,"flag_id_zeroed":"07","filename":"Gasline2_07"}},{"type":"Feature","id":355,"geometry":{"type":"Point","coordinates":[-149.73740939360459,61.150663020559705]},"properties":{"OBJECTID":355,"name":"Gasline 2","flag_id":8,"flag_id_zeroed":"08","filename":"Gasline2_08"}},{"type":"Feature","id":356,"geometry":{"type":"Point","coordinates":[-149.73739820957928,61.15069140335185]},"properties":{"OBJECTID":356,"name":"Gasline 2","flag_id":9,"flag_id_zeroed":"09","filename":"Gasline2_09"}},{"type":"Feature","id":357,"geometry":{"type":"Point","coordinates":[-149.73739125033077,61.150716151693651]},"properties":{"OBJECTID":357,"name":"Gasline 2","flag_id":10,"flag_id_zeroed":"10","filename":"Gasline2_10"}},{"type":"Feature","id":358,"geometry":{"type":"Point","coordinates":[-149.73738948334463,61.150740149292218]},"properties":{"OBJECTID":358,"name":"Gasline 2","flag_id":11,"flag_id_zeroed":"11","filename":"Gasline2_11"}},{"type":"Feature","id":359,"geometry":{"type":"Point","coordinates":[-149.73738192402152,61.150765209674745]},"properties":{"OBJECTID":359,"name":"Gasline 2","flag_id":12,"flag_id_zeroed":"12","filename":"Gasline2_12"}},{"type":"Feature","id":360,"geometry":{"type":"Point","coordinates":[-149.73737345560329,61.150793562467477]},"properties":{"OBJECTID":360,"name":"Gasline 2","flag_id":13,"flag_id_zeroed":"13","filename":"Gasline2_13"}},{"type":"Feature","id":361,"geometry":{"type":"Point","coordinates":[-149.73737496836625,61.150817360190295]},"properties":{"OBJECTID":361,"name":"Gasline 2","flag_id":14,"flag_id_zeroed":"14","filename":"Gasline2_14"}},{"type":"Feature","id":362,"geometry":{"type":"Point","coordinates":[-149.73737131761294,61.150842992221421]},"properties":{"OBJECTID":362,"name":"Gasline 2","flag_id":15,"flag_id_zeroed":"15","filename":"Gasline2_15"}},{"type":"Feature","id":363,"geometry":{"type":"Point","coordinates":[-149.73736599509488,61.150870135208933]},"properties":{"OBJECTID":363,"name":"Gasline 2","flag_id":16,"flag_id_zeroed":"16","filename":"Gasline2_16"}},{"type":"Feature","id":364,"geometry":{"type":"Point","coordinates":[-149.73736045608283,61.150897367028577]},"properties":{"OBJECTID":364,"name":"Gasline 2","flag_id":17,"flag_id_zeroed":"17","filename":"Gasline2_17"}},{"type":"Feature","id":365,"geometry":{"type":"Point","coordinates":[-149.73735750242219,61.150920564357584]},"properties":{"OBJECTID":365,"name":"Gasline 2","flag_id":18,"flag_id_zeroed":"18","filename":"Gasline2_18"}},{"type":"Feature","id":367,"geometry":{"type":"Point","coordinates":[-149.73708427893021,61.15121498677938]},"properties":{"OBJECTID":367,"name":"Gasline 2","flag_id":19,"flag_id_zeroed":"19","filename":"Gasline2_19"}},{"type":"Feature","id":368,"geometry":{"type":"Point","coordinates":[-149.73708739788088,61.151234058859679]},"properties":{"OBJECTID":368,"name":"Gasline 2","flag_id":20,"flag_id_zeroed":"20","filename":"Gasline2_20"}},{"type":"Feature","id":369,"geometry":{"type":"Point","coordinates":[-149.73708943166667,61.151259406651704]},"properties":{"OBJECTID":369,"name":"Gasline 2","flag_id":21,"flag_id_zeroed":"21","filename":"Gasline2_21"}},{"type":"Feature","id":370,"geometry":{"type":"Point","coordinates":[-149.73708993202828,61.151280992200022]},"properties":{"OBJECTID":370,"name":"Gasline 2","flag_id":22,"flag_id_zeroed":"22","filename":"Gasline2_22"}},{"type":"Feature","id":371,"geometry":{"type":"Point","coordinates":[-149.73708772666427,61.151309461556977]},"properties":{"OBJECTID":371,"name":"Gasline 2","flag_id":23,"flag_id_zeroed":"23","filename":"Gasline2_23"}},{"type":"Feature","id":372,"geometry":{"type":"Point","coordinates":[-149.73708403009687,61.151335428233814]},"properties":{"OBJECTID":372,"name":"Gasline 2","flag_id":24,"flag_id_zeroed":"24","filename":"Gasline2_24"}},{"type":"Feature","id":373,"geometry":{"type":"Point","coordinates":[-149.73708024549461,61.151363936984218]},"properties":{"OBJECTID":373,"name":"Gasline 2","flag_id":25,"flag_id_zeroed":"25","filename":"Gasline2_25"}},{"type":"Feature","id":374,"geometry":{"type":"Point","coordinates":[-149.7370871813869,61.151389890613231]},"properties":{"OBJECTID":374,"name":"Gasline 2","flag_id":26,"flag_id_zeroed":"26","filename":"Gasline2_26"}},{"type":"Feature","id":375,"geometry":{"type":"Point","coordinates":[-149.73707522391214,61.151415783973562]},"properties":{"OBJECTID":375,"name":"Gasline 2","flag_id":27,"flag_id_zeroed":"27","filename":"Gasline2_27"}},{"type":"Feature","id":376,"geometry":{"type":"Point","coordinates":[-149.73706141680623,61.151442928202201]},"properties":{"OBJECTID":376,"name":"Gasline 2","flag_id":28,"flag_id_zeroed":"28","filename":"Gasline2_28"}},{"type":"Feature","id":377,"geometry":{"type":"Point","coordinates":[-149.73704815857096,61.151467251623515]},"properties":{"OBJECTID":377,"name":"Gasline 2","flag_id":29,"flag_id_zeroed":"29","filename":"Gasline2_29"}},{"type":"Feature","id":378,"geometry":{"type":"Point","coordinates":[-149.73704631612628,61.151493958474084]},"properties":{"OBJECTID":378,"name":"Gasline 2","flag_id":30,"flag_id_zeroed":"30","filename":"Gasline2_30"}},{"type":"Feature","id":379,"geometry":{"type":"Point","coordinates":[-149.73704361309561,61.151520028156106]},"properties":{"OBJECTID":379,"name":"Gasline 2","flag_id":31,"flag_id_zeroed":"31","filename":"Gasline2_31"}},{"type":"Feature","id":380,"geometry":{"type":"Point","coordinates":[-149.73703319173998,61.151548459588831]},"properties":{"OBJECTID":380,"name":"Gasline 2","flag_id":32,"flag_id_zeroed":"32","filename":"Gasline2_32"}},{"type":"Feature","id":381,"geometry":{"type":"Point","coordinates":[-149.71804267008977,61.151311896597527]},"properties":{"OBJECTID":381,"name":"Basher 4","flag_id":1,"flag_id_zeroed":"01","filename":"Basher4_01"}},{"type":"Feature","id":382,"geometry":{"type":"Point","coordinates":[-149.71809081529747,61.151312564088137]},"properties":{"OBJECTID":382,"name":"Basher 4","flag_id":2,"flag_id_zeroed":"02","filename":"Basher4_02"}},{"type":"Feature","id":383,"geometry":{"type":"Point","coordinates":[-149.71814783406347,61.151313075975423]},"properties":{"OBJECTID":383,"name":"Basher 4","flag_id":3,"flag_id_zeroed":"03","filename":"Basher4_03"}},{"type":"Feature","id":384,"geometry":{"type":"Point","coordinates":[-149.71820288102745,61.151313207739797]},"properties":{"OBJECTID":384,"name":"Basher 4","flag_id":4,"flag_id_zeroed":"04","filename":"Basher4_04"}},{"type":"Feature","id":385,"geometry":{"type":"Point","coordinates":[-149.71825839691201,61.151315559127028]},"properties":{"OBJECTID":385,"name":"Basher 4","flag_id":5,"flag_id_zeroed":"05","filename":"Basher4_05"}},{"type":"Feature","id":386,"geometry":{"type":"Point","coordinates":[-149.71831366755649,61.15131960307923]},"properties":{"OBJECTID":386,"name":"Basher 4","flag_id":6,"flag_id_zeroed":"06","filename":"Basher4_06"}},{"type":"Feature","id":387,"geometry":{"type":"Point","coordinates":[-149.71837019494407,61.151321765488184]},"properties":{"OBJECTID":387,"name":"Basher 4","flag_id":7,"flag_id_zeroed":"07","filename":"Basher4_07"}},{"type":"Feature","id":388,"geometry":{"type":"Point","coordinates":[-149.71842531377328,61.151323222264288]},"properties":{"OBJECTID":388,"name":"Basher 4","flag_id":8,"flag_id_zeroed":"08","filename":"Basher4_08"}},{"type":"Feature","id":389,"geometry":{"type":"Point","coordinates":[-149.71848019185398,61.151326854018613]},"properties":{"OBJECTID":389,"name":"Basher 4","flag_id":9,"flag_id_zeroed":"09","filename":"Basher4_09"}},{"type":"Feature","id":390,"geometry":{"type":"Point","coordinates":[-149.71853678392026,61.151328619400374]},"properties":{"OBJECTID":390,"name":"Basher 4","flag_id":10,"flag_id_zeroed":"10","filename":"Basher4_10"}},{"type":"Feature","id":391,"geometry":{"type":"Point","coordinates":[-149.71859171320492,61.151331870164491]},"properties":{"OBJECTID":391,"name":"Basher 4","flag_id":11,"flag_id_zeroed":"11","filename":"Basher4_11"}},{"type":"Feature","id":392,"geometry":{"type":"Point","coordinates":[-149.7186459894144,61.151334802786877]},"properties":{"OBJECTID":392,"name":"Basher 4","flag_id":12,"flag_id_zeroed":"12","filename":"Basher4_12"}},{"type":"Feature","id":393,"geometry":{"type":"Point","coordinates":[-149.71870140648429,61.151337170643046]},"properties":{"OBJECTID":393,"name":"Basher 4","flag_id":13,"flag_id_zeroed":"13","filename":"Basher4_13"}},{"type":"Feature","id":394,"geometry":{"type":"Point","coordinates":[-149.71875463076654,61.151339613049892]},"properties":{"OBJECTID":394,"name":"Basher 4","flag_id":15,"flag_id_zeroed":"15","filename":"Basher4_15"}},{"type":"Feature","id":395,"geometry":{"type":"Point","coordinates":[-149.71881104137313,61.151342450315816]},"properties":{"OBJECTID":395,"name":"Basher 4","flag_id":16,"flag_id_zeroed":"16","filename":"Basher4_16"}},{"type":"Feature","id":396,"geometry":{"type":"Point","coordinates":[-149.71886628955971,61.15134321749585]},"properties":{"OBJECTID":396,"name":"Basher 4","flag_id":17,"flag_id_zeroed":"17","filename":"Basher4_17"}},{"type":"Feature","id":397,"geometry":{"type":"Point","coordinates":[-149.71891911858327,61.151345783864635]},"properties":{"OBJECTID":397,"name":"Basher 4","flag_id":18,"flag_id_zeroed":"18","filename":"Basher4_18"}},{"type":"Feature","id":398,"geometry":{"type":"Point","coordinates":[-149.71897598283908,61.151344405541288]},"properties":{"OBJECTID":398,"name":"Basher 4","flag_id":19,"flag_id_zeroed":"19","filename":"Basher4_19"}},{"type":"Feature","id":399,"geometry":{"type":"Point","coordinates":[-149.71902962304131,61.151342318985002]},"properties":{"OBJECTID":399,"name":"Basher 4","flag_id":20,"flag_id_zeroed":"20","filename":"Basher4_20"}},{"type":"Feature","id":400,"geometry":{"type":"Point","coordinates":[-149.71908930441381,61.15133840246564]},"properties":{"OBJECTID":400,"name":"Basher 4","flag_id":21,"flag_id_zeroed":"21","filename":"Basher4_21"}},{"type":"Feature","id":401,"geometry":{"type":"Point","coordinates":[-149.71914501074124,61.151334934117735]},"properties":{"OBJECTID":401,"name":"Basher 4","flag_id":22,"flag_id_zeroed":"22","filename":"Basher4_22"}},{"type":"Feature","id":402,"geometry":{"type":"Point","coordinates":[-149.71919751277801,61.151330344039131]},"properties":{"OBJECTID":402,"name":"Basher 4","flag_id":23,"flag_id_zeroed":"23","filename":"Basher4_23"}},{"type":"Feature","id":403,"geometry":{"type":"Point","coordinates":[-149.71925072717883,61.151324862383504]},"properties":{"OBJECTID":403,"name":"Basher 4","flag_id":24,"flag_id_zeroed":"24","filename":"Basher4_24"}},{"type":"Feature","id":404,"geometry":{"type":"Point","coordinates":[-149.71930482821682,61.151317746675517]},"properties":{"OBJECTID":404,"name":"Basher 4","flag_id":25,"flag_id_zeroed":"25","filename":"Basher4_25"}},{"type":"Feature","id":405,"geometry":{"type":"Point","coordinates":[-149.71935836331616,61.151313212507581]},"properties":{"OBJECTID":405,"name":"Basher 4","flag_id":26,"flag_id_zeroed":"26","filename":"Basher4_26"}},{"type":"Feature","id":406,"geometry":{"type":"Point","coordinates":[-149.71941595071578,61.151307016980638]},"properties":{"OBJECTID":406,"name":"Basher 4","flag_id":27,"flag_id_zeroed":"27","filename":"Basher4_27"}},{"type":"Feature","id":407,"geometry":{"type":"Point","coordinates":[-149.71947133814126,61.151307817969496]},"properties":{"OBJECTID":407,"name":"Basher 4","flag_id":28,"flag_id_zeroed":"28","filename":"Basher4_28"}},{"type":"Feature","id":408,"geometry":{"type":"Point","coordinates":[-149.71952559907936,61.151311325329594]},"properties":{"OBJECTID":408,"name":"Basher 4","flag_id":29,"flag_id_zeroed":"29","filename":"Basher4_29"}},{"type":"Feature","id":409,"geometry":{"type":"Point","coordinates":[-149.71957871915706,61.151318814226869]},"properties":{"OBJECTID":409,"name":"Basher 4","flag_id":30,"flag_id_zeroed":"30","filename":"Basher4_30"}},{"type":"Feature","id":410,"geometry":{"type":"Point","coordinates":[-149.7196248314772,61.151328371475401]},"properties":{"OBJECTID":410,"name":"Basher 4","flag_id":31,"flag_id_zeroed":"31","filename":"Basher4_31"}},{"type":"Feature","id":411,"geometry":{"type":"Point","coordinates":[-149.71967825608377,61.151339873110921]},"properties":{"OBJECTID":411,"name":"Basher 4","flag_id":32,"flag_id_zeroed":"32","filename":"Basher4_32"}},{"type":"Feature","id":412,"geometry":{"type":"Point","coordinates":[-149.71972885369217,61.15135047579821]},"properties":{"OBJECTID":412,"name":"Basher 4","flag_id":33,"flag_id_zeroed":"33","filename":"Basher4_33"}},{"type":"Feature","id":413,"geometry":{"type":"Point","coordinates":[-149.71977981152497,61.151361226283157]},"properties":{"OBJECTID":413,"name":"Basher 4","flag_id":34,"flag_id_zeroed":"34","filename":"Basher4_34"}},{"type":"Feature","id":414,"geometry":{"type":"Point","coordinates":[-149.71983478392877,61.151366106758545]},"properties":{"OBJECTID":414,"name":"Basher 4","flag_id":35,"flag_id_zeroed":"35","filename":"Basher4_35"}},{"type":"Feature","id":416,"geometry":{"type":"Point","coordinates":[-150.58809606424214,60.528071647022635]},"properties":{"OBJECTID":416,"name":"USFWS Preset","flag_id":2,"flag_id_zeroed":null,"filename":"KNA-STE-HZ-T2"}},{"type":"Feature","id":417,"geometry":{"type":"Point","coordinates":[-150.58876258274194,60.529234587116669]},"properties":{"OBJECTID":417,"name":"USFWS Preset","flag_id":3,"flag_id_zeroed":null,"filename":"KNA-STE-HZ-T3"}},{"type":"Feature","id":418,"geometry":{"type":"Point","coordinates":[-150.58879625429373,60.530542420041229]},"properties":{"OBJECTID":418,"name":"USFWS Preset","flag_id":5,"flag_id_zeroed":null,"filename":"KNA-STE-HZ-T5"}},{"type":"Feature","id":419,"geometry":{"type":"Point","coordinates":[-150.58834453735142,60.531638573831351]},"properties":{"OBJECTID":419,"name":"USFWS Preset","flag_id":6,"flag_id_zeroed":null,"filename":"KNA-STE-HZ-T6"}},{"type":"Feature","id":420,"geometry":{"type":"Point","coordinates":[-150.58884894407839,60.532482850610563]},"properties":{"OBJECTID":420,"name":"USFWS Preset","flag_id":7,"flag_id_zeroed":null,"filename":"KNA-STE-HZ-T7"}},{"type":"Feature","id":421,"geometry":{"type":"Point","coordinates":[-150.58922920542977,60.533241419710158]},"properties":{"OBJECTID":421,"name":"USFWS Preset","flag_id":8,"flag_id_zeroed":null,"filename":"KNA-STE-HZ-T8"}},{"type":"Feature","id":422,"geometry":{"type":"Point","coordinates":[-150.58919806173716,60.534725441547657]},"properties":{"OBJECTID":422,"name":"USFWS Preset","flag_id":9,"flag_id_zeroed":null,"filename":"KNA-STE-HZ-T9"}},{"type":"Feature","id":423,"geometry":{"type":"Point","coordinates":[-150.58921528333948,60.535655471535264]},"properties":{"OBJECTID":423,"name":"USFWS Preset","flag_id":10,"flag_id_zeroed":null,"filename":"KNA-STE-HZ-T10"}},{"type":"Feature","id":424,"geometry":{"type":"Point","coordinates":[-150.58858466331509,60.536491872238514]},"properties":{"OBJECTID":424,"name":"USFWS Preset","flag_id":11,"flag_id_zeroed":null,"filename":"KNA-STE-HZ-T11"}},{"type":"Feature","id":425,"geometry":{"type":"Point","coordinates":[-150.58888728597137,60.537480754109779]},"properties":{"OBJECTID":425,"name":"USFWS Preset","flag_id":12,"flag_id_zeroed":null,"filename":"KNA-STE-HZ-T12"}},{"type":"Feature","id":426,"geometry":{"type":"Point","coordinates":[-150.5883644538996,60.538519155696264]},"properties":{"OBJECTID":426,"name":"USFWS Preset","flag_id":13,"flag_id_zeroed":null,"filename":"KNA-STE-HZ-T13"}},{"type":"Feature","id":427,"geometry":{"type":"Point","coordinates":[-150.59042812485572,60.540412946720906]},"properties":{"OBJECTID":427,"name":"USFWS Preset","flag_id":14,"flag_id_zeroed":null,"filename":"KNA-STE-HZ-M14"}},{"type":"Feature","id":428,"geometry":{"type":"Point","coordinates":[-150.59131348643345,60.541566099797684]},"properties":{"OBJECTID":428,"name":"USFWS Preset","flag_id":15,"flag_id_zeroed":null,"filename":"KNA-STE-HZ-M15"}},{"type":"Feature","id":429,"geometry":{"type":"Point","coordinates":[-150.59055854676024,60.542406425774544]},"properties":{"OBJECTID":429,"name":"USFWS Preset","flag_id":16,"flag_id_zeroed":null,"filename":"KNA-STE-HZ-M16"}},{"type":"Feature","id":430,"geometry":{"type":"Point","coordinates":[-150.59074252981526,60.543863972871101]},"properties":{"OBJECTID":430,"name":"USFWS Preset","flag_id":21,"flag_id_zeroed":null,"filename":"KNA-STE-HZ-M21"}},{"type":"Feature","id":431,"geometry":{"type":"Point","coordinates":[-150.59063942208527,60.546366336140544]},"properties":{"OBJECTID":431,"name":"USFWS Preset","flag_id":17,"flag_id_zeroed":null,"filename":"KNA-STE-HZ-M17"}},{"type":"Feature","id":432,"geometry":{"type":"Point","coordinates":[-150.58956578889536,60.548851498379904]},"properties":{"OBJECTID":432,"name":"USFWS Preset","flag_id":19,"flag_id_zeroed":null,"filename":"KNA-STE-HZ-M19"}},{"type":"Feature","id":433,"geometry":{"type":"Point","coordinates":[-150.59044793180939,60.550637290379385]},"properties":{"OBJECTID":433,"name":"USFWS Preset","flag_id":22,"flag_id_zeroed":null,"filename":"KNA-STE-HZ-M22"}},{"type":"Feature","id":434,"geometry":{"type":"Point","coordinates":[-150.59110452302698,60.551791063991978]},"properties":{"OBJECTID":434,"name":"USFWS Preset","flag_id":23,"flag_id_zeroed":null,"filename":"KNA-STE-HZ-M23"}},{"type":"Feature","id":435,"geometry":{"type":"Point","coordinates":[-150.59347612837763,60.55259067169937]},"properties":{"OBJECTID":435,"name":"USFWS Preset","flag_id":24,"flag_id_zeroed":null,"filename":"KNA-STE-HZ-M24"}},{"type":"Feature","id":436,"geometry":{"type":"Point","coordinates":[-150.59397309525747,60.553598266430335]},"properties":{"OBJECTID":436,"name":"USFWS Preset","flag_id":25,"flag_id_zeroed":null,"filename":"KNA-STE-HZ-M25"}},{"type":"Feature","id":437,"geometry":{"type":"Point","coordinates":[-150.59320336931466,60.554647291277057]},"properties":{"OBJECTID":437,"name":"USFWS Preset","flag_id":26,"flag_id_zeroed":null,"filename":"KNA-STE-HZ-M26"}},{"type":"Feature","id":438,"geometry":{"type":"Point","coordinates":[-150.59459922190882,60.554672293215511]},"properties":{"OBJECTID":438,"name":"USFWS Preset","flag_id":27,"flag_id_zeroed":null,"filename":"KNA-STE-HZ-M27"}},{"type":"Feature","id":439,"geometry":{"type":"Point","coordinates":[-150.59544514385229,60.554423300143327]},"properties":{"OBJECTID":439,"name":"USFWS Preset","flag_id":28,"flag_id_zeroed":null,"filename":"KNA-STE-HZ-M28"}},{"type":"Feature","id":440,"geometry":{"type":"Point","coordinates":[-150.59576995309945,60.556112698320568]},"properties":{"OBJECTID":440,"name":"USFWS Preset","flag_id":29,"flag_id_zeroed":null,"filename":"KNA-STE-HZ-M29"}},{"type":"Feature","id":441,"geometry":{"type":"Point","coordinates":[-150.59480238489346,60.556769429370249]},"properties":{"OBJECTID":441,"name":"USFWS Preset","flag_id":30,"flag_id_zeroed":null,"filename":"KNA-STE-HZ-M30"}},{"type":"Feature","id":442,"geometry":{"type":"Point","coordinates":[-150.59596597896919,60.55743046605847]},"properties":{"OBJECTID":442,"name":"USFWS Preset","flag_id":31,"flag_id_zeroed":null,"filename":"KNA-STE-HZ-M31"}},{"type":"Feature","id":443,"geometry":{"type":"Point","coordinates":[-150.5937610883588,60.558117488199606]},"properties":{"OBJECTID":443,"name":"USFWS Preset","flag_id":32,"flag_id_zeroed":null,"filename":"KNA-STE-HZ-M32"}},{"type":"Feature","id":444,"geometry":{"type":"Point","coordinates":[-150.59574691849895,60.558334313359175]},"properties":{"OBJECTID":444,"name":"USFWS Preset","flag_id":33,"flag_id_zeroed":null,"filename":"KNA-STE-HZ-M33"}},{"type":"Feature","id":445,"geometry":{"type":"Point","coordinates":[-150.59557406018038,60.559490246205534]},"properties":{"OBJECTID":445,"name":"USFWS Preset","flag_id":36,"flag_id_zeroed":null,"filename":"KNA-STE-HZ-M36"}},{"type":"Feature","id":446,"geometry":{"type":"Point","coordinates":[-150.59770497901866,60.55915639420364]},"properties":{"OBJECTID":446,"name":"USFWS Preset","flag_id":37,"flag_id_zeroed":null,"filename":"KNA-STE-HZ-M37"}},{"type":"Feature","id":447,"geometry":{"type":"Point","coordinates":[-150.59998053021098,60.559368372223055]},"properties":{"OBJECTID":447,"name":"USFWS Preset","flag_id":38,"flag_id_zeroed":null,"filename":"KNA-STE-HZ-M38"}},{"type":"Feature","id":448,"geometry":{"type":"Point","coordinates":[-150.601644748208,60.559672570185768]},"properties":{"OBJECTID":448,"name":"USFWS Preset","flag_id":39,"flag_id_zeroed":null,"filename":"KNA-STE-HZ-M39"}},{"type":"Feature","id":449,"geometry":{"type":"Point","coordinates":[-150.60367608610213,60.55952679020762]},"properties":{"OBJECTID":449,"name":"USFWS Preset","flag_id":40,"flag_id_zeroed":null,"filename":"KNA-STE-HZ-M40"}},{"type":"Feature","id":450,"geometry":{"type":"Point","coordinates":[-150.60550561117944,60.559561720786419]},"properties":{"OBJECTID":450,"name":"USFWS Preset","flag_id":41,"flag_id_zeroed":null,"filename":"KNA-STE-HZ-M41"}},{"type":"Feature","id":451,"geometry":{"type":"Point","coordinates":[-150.60922824768315,60.559605673274611]},"properties":{"OBJECTID":451,"name":"USFWS Preset","flag_id":42,"flag_id_zeroed":null,"filename":"KNA-STE-HZ-M42"}},{"type":"Feature","id":452,"geometry":{"type":"Point","coordinates":[-150.61152428675211,60.559342640514139]},"properties":{"OBJECTID":452,"name":"USFWS Preset","flag_id":43,"flag_id_zeroed":null,"filename":"KNA-STE-HZ-M43"}},{"type":"Feature","id":453,"geometry":{"type":"Point","coordinates":[-150.61342746559788,60.559554328546405]},"properties":{"OBJECTID":453,"name":"USFWS Preset","flag_id":44,"flag_id_zeroed":null,"filename":"KNA-STE-HZ-M44"}},{"type":"Feature","id":454,"geometry":{"type":"Point","coordinates":[-150.61617096089975,60.559445839657137]},"properties":{"OBJECTID":454,"name":"USFWS Preset","flag_id":45,"flag_id_zeroed":null,"filename":"KNA-STE-HZ-M45"}},{"type":"Feature","id":455,"geometry":{"type":"Point","coordinates":[-150.61834023151249,60.559675487421146]},"properties":{"OBJECTID":455,"name":"USFWS Preset","flag_id":46,"flag_id_zeroed":null,"filename":"KNA-STE-HZ-M46"}},{"type":"Feature","id":456,"geometry":{"type":"Point","coordinates":[-150.61668383604493,60.560345142501099]},"properties":{"OBJECTID":456,"name":"USFWS Preset","flag_id":47,"flag_id_zeroed":null,"filename":"KNA-STE-HZ-M47"}},{"type":"Feature","id":457,"geometry":{"type":"Point","coordinates":[-150.61902910009653,60.560375187577684]},"properties":{"OBJECTID":457,"name":"USFWS Preset","flag_id":48,"flag_id_zeroed":null,"filename":"KNA-STE-HZ-M48"}},{"type":"Feature","id":458,"geometry":{"type":"Point","coordinates":[-150.62174497938994,60.560238996370558]},"properties":{"OBJECTID":458,"name":"USFWS Preset","flag_id":49,"flag_id_zeroed":null,"filename":"KNA-STE-HZ-M49"}},{"type":"Feature","id":459,"geometry":{"type":"Point","coordinates":[-150.62397896733066,60.560425161827972]},"properties":{"OBJECTID":459,"name":"USFWS Preset","flag_id":50,"flag_id_zeroed":null,"filename":"KNA-STE-HZ-M50"}},{"type":"Feature","id":460,"geometry":{"type":"Point","coordinates":[-150.62644791412555,60.560195801525481]},"properties":{"OBJECTID":460,"name":"USFWS Preset","flag_id":51,"flag_id_zeroed":null,"filename":"KNA-STE-HZ-M51"}},{"type":"Feature","id":461,"geometry":{"type":"Point","coordinates":[-150.62943286310107,60.560456647530799]},"properties":{"OBJECTID":461,"name":"USFWS Preset","flag_id":52,"flag_id_zeroed":null,"filename":"KNA-STE-HZ-M52"}},{"type":"Feature","id":462,"geometry":{"type":"Point","coordinates":[-150.63251116589925,60.560623977647417]},"properties":{"OBJECTID":462,"name":"USFWS Preset","flag_id":53,"flag_id_zeroed":null,"filename":"KNA-STE-HZ-M53"}},{"type":"Feature","id":463,"geometry":{"type":"Point","coordinates":[-150.6346292055913,60.560556457505065]},"properties":{"OBJECTID":463,"name":"USFWS Preset","flag_id":54,"flag_id_zeroed":null,"filename":"KNA-STE-HZ-M54"}},{"type":"Feature","id":464,"geometry":{"type":"Point","coordinates":[-150.77381188141553,60.559276177398324]},"properties":{"OBJECTID":464,"name":"Grandview","flag_id":1,"flag_id_zeroed":"01","filename":"Grandview_01"}},{"type":"Feature","id":465,"geometry":{"type":"Point","coordinates":[-150.77379039012069,60.559302642120031]},"properties":{"OBJECTID":465,"name":"Grandview","flag_id":2,"flag_id_zeroed":"02","filename":"Grandview_02"}},{"type":"Feature","id":466,"geometry":{"type":"Point","coordinates":[-150.77376990853222,60.559329127131036]},"properties":{"OBJECTID":466,"name":"Grandview","flag_id":3,"flag_id_zeroed":"03","filename":"Grandview_03"}},{"type":"Feature","id":467,"geometry":{"type":"Point","coordinates":[-150.77375052648165,60.559354668546298]},"properties":{"OBJECTID":467,"name":"Grandview","flag_id":4,"flag_id_zeroed":"04","filename":"Grandview_04"}},{"type":"Feature","id":468,"geometry":{"type":"Point","coordinates":[-150.77373044644011,60.559381390180697]},"properties":{"OBJECTID":468,"name":"Grandview","flag_id":5,"flag_id_zeroed":"05","filename":"Grandview_05"}},{"type":"Feature","id":469,"geometry":{"type":"Point","coordinates":[-150.77371127279869,60.55940707902932]},"properties":{"OBJECTID":469,"name":"Grandview","flag_id":6,"flag_id_zeroed":"06","filename":"Grandview_06"}},{"type":"Feature","id":470,"geometry":{"type":"Point","coordinates":[-150.7736908963131,60.559431660032715]},"properties":{"OBJECTID":470,"name":"Grandview","flag_id":7,"flag_id_zeroed":"07","filename":"Grandview_07"}},{"type":"Feature","id":471,"geometry":{"type":"Point","coordinates":[-150.77367023146829,60.559457239781011]},"properties":{"OBJECTID":471,"name":"Grandview","flag_id":8,"flag_id_zeroed":"08","filename":"Grandview_08"}},{"type":"Feature","id":472,"geometry":{"type":"Point","coordinates":[-150.77365097248693,60.55948126749707]},"properties":{"OBJECTID":472,"name":"Grandview","flag_id":9,"flag_id_zeroed":"09","filename":"Grandview_09"}},{"type":"Feature","id":473,"geometry":{"type":"Point","coordinates":[-150.77362889010058,60.559506198584842]},"properties":{"OBJECTID":473,"name":"Grandview","flag_id":10,"flag_id_zeroed":"10","filename":"Grandview_10"}},{"type":"Feature","id":474,"geometry":{"type":"Point","coordinates":[-150.77361070370765,60.55953163742322]},"properties":{"OBJECTID":474,"name":"Grandview","flag_id":11,"flag_id_zeroed":"11","filename":"Grandview_11"}},{"type":"Feature","id":475,"geometry":{"type":"Point","coordinates":[-150.77359395012763,60.559556537564411]},"properties":{"OBJECTID":475,"name":"Grandview","flag_id":12,"flag_id_zeroed":"12","filename":"Grandview_12"}},{"type":"Feature","id":476,"geometry":{"type":"Point","coordinates":[-150.77357355028585,60.559581507891032]},"properties":{"OBJECTID":476,"name":"Grandview","flag_id":13,"flag_id_zeroed":"13","filename":"Grandview_13"}},{"type":"Feature","id":477,"geometry":{"type":"Point","coordinates":[-150.77355735366126,60.559606597413627]},"properties":{"OBJECTID":477,"name":"Grandview","flag_id":14,"flag_id_zeroed":"14","filename":"Grandview_14"}},{"type":"Feature","id":478,"geometry":{"type":"Point","coordinates":[-150.77353645525449,60.559633474702629]},"properties":{"OBJECTID":478,"name":"Grandview","flag_id":15,"flag_id_zeroed":"15","filename":"Grandview_15"}},{"type":"Feature","id":479,"geometry":{"type":"Point","coordinates":[-150.77352251879117,60.559658395959204]},"properties":{"OBJECTID":479,"name":"Grandview","flag_id":16,"flag_id_zeroed":"16","filename":"Grandview_16"}},{"type":"Feature","id":480,"geometry":{"type":"Point","coordinates":[-150.77350410871773,60.559683975969683]},"properties":{"OBJECTID":480,"name":"Grandview","flag_id":17,"flag_id_zeroed":"17","filename":"Grandview_17"}},{"type":"Feature","id":481,"geometry":{"type":"Point","coordinates":[-150.77349241714433,60.559709574062936]},"properties":{"OBJECTID":481,"name":"Grandview","flag_id":18,"flag_id_zeroed":"18","filename":"Grandview_18"}},{"type":"Feature","id":482,"geometry":{"type":"Point","coordinates":[-150.77348204789101,60.559735510352638]},"properties":{"OBJECTID":482,"name":"Grandview","flag_id":19,"flag_id_zeroed":"19","filename":"Grandview_19"}},{"type":"Feature","id":483,"geometry":{"type":"Point","coordinates":[-150.77347241795113,60.559762716920226]},"properties":{"OBJECTID":483,"name":"Grandview","flag_id":20,"flag_id_zeroed":"20","filename":"Grandview_20"}},{"type":"Feature","id":484,"geometry":{"type":"Point","coordinates":[-150.77346740355523,60.55978937110406]},"properties":{"OBJECTID":484,"name":"Grandview","flag_id":21,"flag_id_zeroed":"21","filename":"Grandview_21"}},{"type":"Feature","id":485,"geometry":{"type":"Point","coordinates":[-150.7734631239812,60.559815208867434]},"properties":{"OBJECTID":485,"name":"Grandview","flag_id":22,"flag_id_zeroed":"22","filename":"Grandview_22"}},{"type":"Feature","id":486,"geometry":{"type":"Point","coordinates":[-150.77345562933678,60.559842668808919]},"properties":{"OBJECTID":486,"name":"Grandview","flag_id":23,"flag_id_zeroed":"23","filename":"Grandview_23"}},{"type":"Feature","id":487,"geometry":{"type":"Point","coordinates":[-150.77344794514786,60.559869765785841]},"properties":{"OBJECTID":487,"name":"Grandview","flag_id":24,"flag_id_zeroed":"24","filename":"Grandview_24"}},{"type":"Feature","id":488,"geometry":{"type":"Point","coordinates":[-150.77343978395351,60.559896319653191]},"properties":{"OBJECTID":488,"name":"Grandview","flag_id":25,"flag_id_zeroed":"25","filename":"Grandview_25"}},{"type":"Feature","id":489,"geometry":{"type":"Point","coordinates":[-150.77342823790718,60.559921677384033]},"properties":{"OBJECTID":489,"name":"Grandview","flag_id":26,"flag_id_zeroed":"26","filename":"Grandview_26"}},{"type":"Feature","id":490,"geometry":{"type":"Point","coordinates":[-150.77341869240894,60.559949090432582]},"properties":{"OBJECTID":490,"name":"Grandview","flag_id":27,"flag_id_zeroed":"27","filename":"Grandview_27"}},{"type":"Feature","id":491,"geometry":{"type":"Point","coordinates":[-150.77340810755996,60.559975846015334]},"properties":{"OBJECTID":491,"name":"Grandview","flag_id":28,"flag_id_zeroed":"28","filename":"Grandview_28"}},{"type":"Feature","id":492,"geometry":{"type":"Point","coordinates":[-150.77339432650521,60.560000005805882]},"properties":{"OBJECTID":492,"name":"Grandview","flag_id":29,"flag_id_zeroed":"29","filename":"Grandview_29"}},{"type":"Feature","id":493,"geometry":{"type":"Point","coordinates":[-150.77339068832831,60.560027605997689]},"properties":{"OBJECTID":493,"name":"Grandview","flag_id":30,"flag_id_zeroed":"30","filename":"Grandview_30"}},{"type":"Feature","id":494,"geometry":{"type":"Point","coordinates":[-150.77338872461107,60.560053437830824]},"properties":{"OBJECTID":494,"name":"Grandview","flag_id":31,"flag_id_zeroed":"31","filename":"Grandview_31"}},{"type":"Feature","id":495,"geometry":{"type":"Point","coordinates":[-150.7733930760503,60.560077869988341]},"properties":{"OBJECTID":495,"name":"Grandview","flag_id":32,"flag_id_zeroed":"32","filename":"Grandview_32"}},{"type":"Feature","id":496,"geometry":{"type":"Point","coordinates":[-150.77338825119892,60.560108557299507]},"properties":{"OBJECTID":496,"name":"Grandview","flag_id":33,"flag_id_zeroed":"33","filename":"Grandview_33"}},{"type":"Feature","id":497,"geometry":{"type":"Point","coordinates":[-150.77338162702202,60.560134721540656]},"properties":{"OBJECTID":497,"name":"Grandview","flag_id":34,"flag_id_zeroed":"34","filename":"Grandview_34"}},{"type":"Feature","id":498,"geometry":{"type":"Point","coordinates":[-150.72031968110488,60.560651057191741]},"properties":{"OBJECTID":498,"name":"USFWS Preset","flag_id":66,"flag_id_zeroed":null,"filename":"KNA-STE-HZ-M66"}},{"type":"Feature","id":499,"geometry":{"type":"Point","coordinates":[-150.718125581956,60.560851278308206]},"properties":{"OBJECTID":499,"name":"USFWS Preset","flag_id":65,"flag_id_zeroed":null,"filename":"KNA-STE-HZ-M65"}},{"type":"Feature","id":500,"geometry":{"type":"Point","coordinates":[-150.71597329489205,60.560621268455506]},"properties":{"OBJECTID":500,"name":"USFWS Preset","flag_id":64,"flag_id_zeroed":null,"filename":"KNA-STE-HZ-M64"}},{"type":"Feature","id":501,"geometry":{"type":"Point","coordinates":[-150.71304841805619,60.561017171888473]},"properties":{"OBJECTID":501,"name":"USFWS Preset","flag_id":63,"flag_id_zeroed":null,"filename":"KNA-STE-HZ-M63"}},{"type":"Feature","id":502,"geometry":{"type":"Point","coordinates":[-150.71084410326594,60.561173039543384]},"properties":{"OBJECTID":502,"name":"USFWS Preset","flag_id":61,"flag_id_zeroed":null,"filename":"KNA-STE-HZ-M61"}},{"type":"Feature","id":503,"geometry":{"type":"Point","coordinates":[-150.71152832396669,60.560225539436267]},"properties":{"OBJECTID":503,"name":"USFWS Preset","flag_id":62,"flag_id_zeroed":null,"filename":"KNA-STE-HZ-M62"}},{"type":"Feature","id":504,"geometry":{"type":"Point","coordinates":[-150.70586819387168,60.559892558666135]},"properties":{"OBJECTID":504,"name":"USFWS Preset","flag_id":60,"flag_id_zeroed":null,"filename":"KNA-STE-HZ-M60"}},{"type":"Feature","id":505,"geometry":{"type":"Point","coordinates":[-150.70274510017512,60.559778813105737]},"properties":{"OBJECTID":505,"name":"USFWS Preset","flag_id":59,"flag_id_zeroed":null,"filename":"KNA-STE-HZ-M59"}},{"type":"Feature","id":506,"geometry":{"type":"Point","coordinates":[-150.6962446940482,60.5598709362935]},"properties":{"OBJECTID":506,"name":"USFWS Preset","flag_id":58,"flag_id_zeroed":null,"filename":"KNA-STE-HZ-M58"}},{"type":"Feature","id":507,"geometry":{"type":"Point","coordinates":[-150.72226142911737,60.560794280988937]},"properties":{"OBJECTID":507,"name":"USFWS Preset","flag_id":67,"flag_id_zeroed":null,"filename":"KNA-STE-HZ-M67"}},{"type":"Feature","id":508,"geometry":{"type":"Point","coordinates":[-150.72546070803483,60.56110973880557]},"properties":{"OBJECTID":508,"name":"USFWS Preset","flag_id":69,"flag_id_zeroed":null,"filename":"KNA-STE-HZ-M69"}},{"type":"Feature","id":509,"geometry":{"type":"Point","coordinates":[-150.72734712252074,60.560323941648988]},"properties":{"OBJECTID":509,"name":"USFWS Preset","flag_id":70,"flag_id_zeroed":null,"filename":"KNA-STE-HZ-M70"}},{"type":"Feature","id":510,"geometry":{"type":"Point","coordinates":[-150.72437351836896,60.560411506725536]},"properties":{"OBJECTID":510,"name":"USFWS Preset","flag_id":68,"flag_id_zeroed":null,"filename":"KNA-STE-HZ-M68"}},{"type":"Feature","id":511,"geometry":{"type":"Point","coordinates":[-150.71838816849669,60.560732742951025]},"properties":{"OBJECTID":511,"name":"Moose River","flag_id":1,"flag_id_zeroed":"01","filename":"MooseRiver_01"}},{"type":"Feature","id":512,"geometry":{"type":"Point","coordinates":[-150.71833268225654,60.560734101957564]},"properties":{"OBJECTID":512,"name":"Moose River","flag_id":2,"flag_id_zeroed":"02","filename":"MooseRiver_02"}},{"type":"Feature","id":513,"geometry":{"type":"Point","coordinates":[-150.71828071292072,60.560735356323242]},"properties":{"OBJECTID":513,"name":"Moose River","flag_id":3,"flag_id_zeroed":"03","filename":"MooseRiver_03"}},{"type":"Feature","id":514,"geometry":{"type":"Point","coordinates":[-150.71822490777865,60.560736638946295]},"properties":{"OBJECTID":514,"name":"Moose River","flag_id":4,"flag_id_zeroed":"04","filename":"MooseRiver_04"}},{"type":"Feature","id":515,"geometry":{"type":"Point","coordinates":[-150.71817078697774,60.560736978477109]},"properties":{"OBJECTID":515,"name":"Moose River","flag_id":5,"flag_id_zeroed":"05","filename":"MooseRiver_05"}},{"type":"Feature","id":516,"geometry":{"type":"Point","coordinates":[-150.71812367573096,60.560734173484256]},"properties":{"OBJECTID":516,"name":"Moose River","flag_id":6,"flag_id_zeroed":"06","filename":"MooseRiver_06"}},{"type":"Feature","id":517,"geometry":{"type":"Point","coordinates":[-150.71807136862859,60.560732526163413]},"properties":{"OBJECTID":517,"name":"Moose River","flag_id":7,"flag_id_zeroed":"07","filename":"MooseRiver_07"}},{"type":"Feature","id":518,"geometry":{"type":"Point","coordinates":[-150.71801557246965,60.560731900084342]},"properties":{"OBJECTID":518,"name":"Moose River","flag_id":8,"flag_id_zeroed":"08","filename":"MooseRiver_08"}},{"type":"Feature","id":519,"geometry":{"type":"Point","coordinates":[-150.71795904957366,60.560731769835158]},"properties":{"OBJECTID":519,"name":"Moose River","flag_id":9,"flag_id_zeroed":"09","filename":"MooseRiver_09"}},{"type":"Feature","id":520,"geometry":{"type":"Point","coordinates":[-150.71790213860547,60.560731713320301]},"properties":{"OBJECTID":520,"name":"Moose River","flag_id":10,"flag_id_zeroed":"10","filename":"MooseRiver_10"}},{"type":"Feature","id":521,"geometry":{"type":"Point","coordinates":[-150.71784792258313,60.560730360936454]},"properties":{"OBJECTID":521,"name":"Moose River","flag_id":11,"flag_id_zeroed":"11","filename":"MooseRiver_11"}},{"type":"Feature","id":522,"geometry":{"type":"Point","coordinates":[-150.71779259444648,60.560729288477944]},"properties":{"OBJECTID":522,"name":"Moose River","flag_id":12,"flag_id_zeroed":"12","filename":"MooseRiver_12"}},{"type":"Feature","id":523,"geometry":{"type":"Point","coordinates":[-150.71773875930981,60.560728815165668]},"properties":{"OBJECTID":523,"name":"Moose River","flag_id":13,"flag_id_zeroed":"13","filename":"MooseRiver_13"}},{"type":"Feature","id":524,"geometry":{"type":"Point","coordinates":[-150.71768614767856,60.560727779795023]},"properties":{"OBJECTID":524,"name":"Moose River","flag_id":14,"flag_id_zeroed":"14","filename":"MooseRiver_14"}},{"type":"Feature","id":525,"geometry":{"type":"Point","coordinates":[-150.71762991763336,60.560725490941401]},"properties":{"OBJECTID":525,"name":"Moose River","flag_id":15,"flag_id_zeroed":"15","filename":"MooseRiver_15"}},{"type":"Feature","id":526,"geometry":{"type":"Point","coordinates":[-150.71757593247807,60.560725139047797]},"properties":{"OBJECTID":526,"name":"Moose River","flag_id":16,"flag_id_zeroed":"16","filename":"MooseRiver_16"}},{"type":"Feature","id":527,"geometry":{"type":"Point","coordinates":[-150.71751978956942,60.56072386746235]},"properties":{"OBJECTID":527,"name":"Moose River","flag_id":17,"flag_id_zeroed":"17","filename":"MooseRiver_17"}},{"type":"Feature","id":528,"geometry":{"type":"Point","coordinates":[-150.7174677034526,60.560723319974166]},"properties":{"OBJECTID":528,"name":"Moose River","flag_id":18,"flag_id_zeroed":"18","filename":"MooseRiver_18"}},{"type":"Feature","id":529,"geometry":{"type":"Point","coordinates":[-150.71742217324078,60.560723821985484]},"properties":{"OBJECTID":529,"name":"Moose River","flag_id":19,"flag_id_zeroed":"19","filename":"MooseRiver_19"}},{"type":"Feature","id":530,"geometry":{"type":"Point","coordinates":[-150.71737208587547,60.560723323506345]},"properties":{"OBJECTID":530,"name":"Moose River","flag_id":20,"flag_id_zeroed":"20","filename":"MooseRiver_20"}},{"type":"Feature","id":531,"geometry":{"type":"Point","coordinates":[-150.7173182857731,60.560722640029155]},"properties":{"OBJECTID":531,"name":"Moose River","flag_id":21,"flag_id_zeroed":"21","filename":"MooseRiver_21"}},{"type":"Feature","id":532,"geometry":{"type":"Point","coordinates":[-150.71726159579043,60.560721200223419]},"properties":{"OBJECTID":532,"name":"Moose River","flag_id":22,"flag_id_zeroed":"22","filename":"MooseRiver_22"}},{"type":"Feature","id":533,"geometry":{"type":"Point","coordinates":[-150.71720925634875,60.560721526067255]},"properties":{"OBJECTID":533,"name":"Moose River","flag_id":23,"flag_id_zeroed":"23","filename":"MooseRiver_23"}},{"type":"Feature","id":534,"geometry":{"type":"Point","coordinates":[-150.7171515072524,60.560718293678946]},"properties":{"OBJECTID":534,"name":"Moose River","flag_id":24,"flag_id_zeroed":"24","filename":"MooseRiver_24"}},{"type":"Feature","id":535,"geometry":{"type":"Point","coordinates":[-150.71709709539735,60.560717133798512]},"properties":{"OBJECTID":535,"name":"Moose River","flag_id":25,"flag_id_zeroed":"25","filename":"MooseRiver_25"}},{"type":"Feature","id":536,"geometry":{"type":"Point","coordinates":[-150.71704455024141,60.560718139145969]},"properties":{"OBJECTID":536,"name":"Moose River","flag_id":26,"flag_id_zeroed":"26","filename":"MooseRiver_26"}},{"type":"Feature","id":537,"geometry":{"type":"Point","coordinates":[-150.71699128463663,60.560719919365887]},"properties":{"OBJECTID":537,"name":"Moose River","flag_id":27,"flag_id_zeroed":"27","filename":"MooseRiver_27"}},{"type":"Feature","id":538,"geometry":{"type":"Point","coordinates":[-150.71693337564014,60.560721107503653]},"properties":{"OBJECTID":538,"name":"Moose River","flag_id":28,"flag_id_zeroed":"28","filename":"MooseRiver_28"}},{"type":"Feature","id":539,"geometry":{"type":"Point","coordinates":[-150.71687891258108,60.560721728284655]},"properties":{"OBJECTID":539,"name":"Moose River","flag_id":29,"flag_id_zeroed":"29","filename":"MooseRiver_29"}},{"type":"Feature","id":540,"geometry":{"type":"Point","coordinates":[-150.71682601977716,60.560723780040853]},"properties":{"OBJECTID":540,"name":"Moose River","flag_id":30,"flag_id_zeroed":"30","filename":"MooseRiver_30"}},{"type":"Feature","id":541,"geometry":{"type":"Point","coordinates":[-150.71676953011885,60.560723243149191]},"properties":{"OBJECTID":541,"name":"Moose River","flag_id":31,"flag_id_zeroed":"31","filename":"MooseRiver_31"}},{"type":"Feature","id":542,"geometry":{"type":"Point","coordinates":[-150.71671444452733,60.56072424054905]},"properties":{"OBJECTID":542,"name":"Moose River","flag_id":32,"flag_id_zeroed":"32","filename":"MooseRiver_32"}},{"type":"Feature","id":543,"geometry":{"type":"Point","coordinates":[-150.71666342111749,60.560723527489849]},"properties":{"OBJECTID":543,"name":"Moose River","flag_id":33,"flag_id_zeroed":"33","filename":"MooseRiver_33"}},{"type":"Feature","id":544,"geometry":{"type":"Point","coordinates":[-150.71661069540022,60.560723997711563]},"properties":{"OBJECTID":544,"name":"Moose River","flag_id":34,"flag_id_zeroed":"34","filename":"MooseRiver_34"}},{"type":"Feature","id":545,"geometry":{"type":"Point","coordinates":[-150.71656346108426,60.560723610937643]},"properties":{"OBJECTID":545,"name":"Moose River","flag_id":35,"flag_id_zeroed":"35","filename":"MooseRiver_35"}},{"type":"Feature","id":546,"geometry":{"type":"Point","coordinates":[-150.59713772435779,60.559482280830672]},"properties":{"OBJECTID":546,"name":"Three Johns North","flag_id":1,"flag_id_zeroed":"01","filename":"ThreeJohnsNorth_01"}},{"type":"Feature","id":547,"geometry":{"type":"Point","coordinates":[-150.59709540921634,60.559465497903034]},"properties":{"OBJECTID":547,"name":"Three Johns North","flag_id":2,"flag_id_zeroed":"02","filename":"ThreeJohnsNorth_02"}},{"type":"Feature","id":548,"geometry":{"type":"Point","coordinates":[-150.59704779940458,60.559447997022396]},"properties":{"OBJECTID":548,"name":"Three Johns North","flag_id":3,"flag_id_zeroed":"03","filename":"ThreeJohnsNorth_03"}},{"type":"Feature","id":549,"geometry":{"type":"Point","coordinates":[-150.59700392658445,60.559432763883628]},"properties":{"OBJECTID":549,"name":"Three Johns North","flag_id":4,"flag_id_zeroed":"04","filename":"ThreeJohnsNorth_04"}},{"type":"Feature","id":550,"geometry":{"type":"Point","coordinates":[-150.59696041398871,60.559417575333327]},"properties":{"OBJECTID":550,"name":"Three Johns North","flag_id":5,"flag_id_zeroed":"05","filename":"ThreeJohnsNorth_05"}},{"type":"Feature","id":551,"geometry":{"type":"Point","coordinates":[-150.59691488377683,60.559401357544317]},"properties":{"OBJECTID":551,"name":"Three Johns North","flag_id":6,"flag_id_zeroed":"06","filename":"ThreeJohnsNorth_06"}},{"type":"Feature","id":552,"geometry":{"type":"Point","coordinates":[-150.59687095526112,60.559385497836914]},"properties":{"OBJECTID":552,"name":"Three Johns North","flag_id":7,"flag_id_zeroed":"07","filename":"ThreeJohnsNorth_07"}},{"type":"Feature","id":553,"geometry":{"type":"Point","coordinates":[-150.59682839218465,60.559369543190364]},"properties":{"OBJECTID":553,"name":"Three Johns North","flag_id":8,"flag_id_zeroed":"08","filename":"ThreeJohnsNorth_08"}},{"type":"Feature","id":554,"geometry":{"type":"Point","coordinates":[-150.59678421124235,60.559352029453109]},"properties":{"OBJECTID":554,"name":"Three Johns North","flag_id":9,"flag_id_zeroed":"09","filename":"ThreeJohnsNorth_09"}},{"type":"Feature","id":555,"geometry":{"type":"Point","coordinates":[-150.59674068337526,60.559335563043255]},"properties":{"OBJECTID":555,"name":"Three Johns North","flag_id":10,"flag_id_zeroed":"10","filename":"ThreeJohnsNorth_10"}},{"type":"Feature","id":556,"geometry":{"type":"Point","coordinates":[-150.59669731810325,60.559319637513866]},"properties":{"OBJECTID":556,"name":"Three Johns North","flag_id":11,"flag_id_zeroed":"11","filename":"ThreeJohnsNorth_11"}},{"type":"Feature","id":557,"geometry":{"type":"Point","coordinates":[-150.59665319555143,60.559302960030365]},"properties":{"OBJECTID":557,"name":"Three Johns North","flag_id":12,"flag_id_zeroed":"12","filename":"ThreeJohnsNorth_12"}},{"type":"Feature","id":558,"geometry":{"type":"Point","coordinates":[-150.59661128016026,60.55928749015662]},"properties":{"OBJECTID":558,"name":"Three Johns North","flag_id":13,"flag_id_zeroed":"13","filename":"ThreeJohnsNorth_13"}},{"type":"Feature","id":559,"geometry":{"type":"Point","coordinates":[-150.59656643985454,60.559269475665609]},"properties":{"OBJECTID":559,"name":"Three Johns North","flag_id":14,"flag_id_zeroed":"14","filename":"ThreeJohnsNorth_14"}},{"type":"Feature","id":560,"geometry":{"type":"Point","coordinates":[-150.59652595637795,60.559253185830848]},"properties":{"OBJECTID":560,"name":"Three Johns North","flag_id":15,"flag_id_zeroed":"15","filename":"ThreeJohnsNorth_15"}},{"type":"Feature","id":561,"geometry":{"type":"Point","coordinates":[-150.5964797281751,60.559236752486392]},"properties":{"OBJECTID":561,"name":"Three Johns North","flag_id":16,"flag_id_zeroed":"16","filename":"ThreeJohnsNorth_16"}},{"type":"Feature","id":562,"geometry":{"type":"Point","coordinates":[-150.59643996514737,60.559221051653836]},"properties":{"OBJECTID":562,"name":"Three Johns North","flag_id":17,"flag_id_zeroed":"17","filename":"ThreeJohnsNorth_17"}},{"type":"Feature","id":563,"geometry":{"type":"Point","coordinates":[-150.59639687655647,60.559205389669486]},"properties":{"OBJECTID":563,"name":"Three Johns North","flag_id":18,"flag_id_zeroed":"18","filename":"ThreeJohnsNorth_18"}},{"type":"Feature","id":564,"geometry":{"type":"Point","coordinates":[-150.59636894164606,60.559191445723954]},"properties":{"OBJECTID":564,"name":"Three Johns North","flag_id":19,"flag_id_zeroed":"19","filename":"ThreeJohnsNorth_19"}},{"type":"Feature","id":565,"geometry":{"type":"Point","coordinates":[-150.59635206050527,60.55917410011844]},"properties":{"OBJECTID":565,"name":"Three Johns North","flag_id":20,"flag_id_zeroed":"20","filename":"ThreeJohnsNorth_20"}},{"type":"Feature","id":566,"geometry":{"type":"Point","coordinates":[-150.59633086475614,60.559148126288719]},"properties":{"OBJECTID":566,"name":"Three Johns North","flag_id":21,"flag_id_zeroed":"21","filename":"ThreeJohnsNorth_21"}},{"type":"Feature","id":567,"geometry":{"type":"Point","coordinates":[-150.59631250139506,60.55912203763657]},"properties":{"OBJECTID":567,"name":"Three Johns North","flag_id":22,"flag_id_zeroed":"22","filename":"ThreeJohnsNorth_22"}},{"type":"Feature","id":568,"geometry":{"type":"Point","coordinates":[-150.59629341129698,60.559097368971891]},"properties":{"OBJECTID":568,"name":"Three Johns North","flag_id":23,"flag_id_zeroed":"23","filename":"ThreeJohnsNorth_23"}},{"type":"Feature","id":569,"geometry":{"type":"Point","coordinates":[-150.59627739703043,60.559072072852544]},"properties":{"OBJECTID":569,"name":"Three Johns North","flag_id":24,"flag_id_zeroed":"24","filename":"ThreeJohnsNorth_24"}},{"type":"Feature","id":570,"geometry":{"type":"Point","coordinates":[-150.59625812098105,60.559047275659992]},"properties":{"OBJECTID":570,"name":"Three Johns North","flag_id":25,"flag_id_zeroed":"25","filename":"ThreeJohnsNorth_25"}},{"type":"Feature","id":571,"geometry":{"type":"Point","coordinates":[-150.5962394746507,60.559021834232858]},"properties":{"OBJECTID":571,"name":"Three Johns North","flag_id":26,"flag_id_zeroed":"26","filename":"ThreeJohnsNorth_26"}},{"type":"Feature","id":572,"geometry":{"type":"Point","coordinates":[-150.59622295553095,60.558995521173237]},"properties":{"OBJECTID":572,"name":"Three Johns North","flag_id":27,"flag_id_zeroed":"27","filename":"ThreeJohnsNorth_27"}},{"type":"Feature","id":573,"geometry":{"type":"Point","coordinates":[-150.59620584531973,60.558970712000239]},"properties":{"OBJECTID":573,"name":"Three Johns North","flag_id":28,"flag_id_zeroed":"28","filename":"ThreeJohnsNorth_28"}},{"type":"Feature","id":574,"geometry":{"type":"Point","coordinates":[-150.59618842788467,60.558945222384231]},"properties":{"OBJECTID":574,"name":"Three Johns North","flag_id":29,"flag_id_zeroed":"29","filename":"ThreeJohnsNorth_29"}},{"type":"Feature","id":575,"geometry":{"type":"Point","coordinates":[-150.59616922819211,60.558919620153581]},"properties":{"OBJECTID":575,"name":"Three Johns North","flag_id":30,"flag_id_zeroed":"30","filename":"ThreeJohnsNorth_30"}},{"type":"Feature","id":576,"geometry":{"type":"Point","coordinates":[-150.59615055581062,60.558895616305321]},"properties":{"OBJECTID":576,"name":"Three Johns North","flag_id":31,"flag_id_zeroed":"31","filename":"ThreeJohnsNorth_31"}},{"type":"Feature","id":577,"geometry":{"type":"Point","coordinates":[-150.59613437715234,60.558869340674597]},"properties":{"OBJECTID":577,"name":"Three Johns North","flag_id":32,"flag_id_zeroed":"32","filename":"ThreeJohnsNorth_32"}},{"type":"Feature","id":578,"geometry":{"type":"Point","coordinates":[-150.59611513523896,60.558843797992893]},"properties":{"OBJECTID":578,"name":"Three Johns North","flag_id":33,"flag_id_zeroed":"33","filename":"ThreeJohnsNorth_33"}},{"type":"Feature","id":579,"geometry":{"type":"Point","coordinates":[-150.59609808970643,60.558819315007987]},"properties":{"OBJECTID":579,"name":"Three Johns North","flag_id":34,"flag_id_zeroed":"34","filename":"ThreeJohnsNorth_34"}},{"type":"Feature","id":580,"geometry":{"type":"Point","coordinates":[-150.5960803488779,60.558793219467312]},"properties":{"OBJECTID":580,"name":"Three Johns North","flag_id":35,"flag_id_zeroed":"35","filename":"ThreeJohnsNorth_35"}},{"type":"Feature","id":581,"geometry":{"type":"Point","coordinates":[-150.5960607126041,60.55876488083431]},"properties":{"OBJECTID":581,"name":"Three Johns North","flag_id":36,"flag_id_zeroed":"36","filename":"ThreeJohnsNorth_36"}},{"type":"Feature","id":582,"geometry":{"type":"Point","coordinates":[-150.59604476571118,60.558733657972645]},"properties":{"OBJECTID":582,"name":"Three Johns North","flag_id":37,"flag_id_zeroed":"37","filename":"ThreeJohnsNorth_37"}},{"type":"Feature","id":583,"geometry":{"type":"Point","coordinates":[-150.58947527195235,60.548116319326475]},"properties":{"OBJECTID":583,"name":"Three Johns Center","flag_id":1,"flag_id_zeroed":"01","filename":"ThreeJohnsCenter_01"}},{"type":"Feature","id":584,"geometry":{"type":"Point","coordinates":[-150.58947330104863,60.548092060993824]},"properties":{"OBJECTID":584,"name":"Three Johns Center","flag_id":2,"flag_id_zeroed":"02","filename":"ThreeJohnsCenter_02"}},{"type":"Feature","id":585,"geometry":{"type":"Point","coordinates":[-150.58946816268522,60.548066492574037]},"properties":{"OBJECTID":585,"name":"Three Johns Center","flag_id":3,"flag_id_zeroed":"03","filename":"ThreeJohnsCenter_03"}},{"type":"Feature","id":586,"geometry":{"type":"Point","coordinates":[-150.58947496113527,60.548042653373386]},"properties":{"OBJECTID":586,"name":"Three Johns Center","flag_id":4,"flag_id_zeroed":"04","filename":"ThreeJohnsCenter_04"}},{"type":"Feature","id":587,"geometry":{"type":"Point","coordinates":[-150.58949766335914,60.548018031027858]},"properties":{"OBJECTID":587,"name":"Three Johns Center","flag_id":5,"flag_id_zeroed":"05","filename":"ThreeJohnsCenter_05"}},{"type":"Feature","id":588,"geometry":{"type":"Point","coordinates":[-150.58952875944104,60.54799877085911]},"properties":{"OBJECTID":588,"name":"Three Johns Center","flag_id":6,"flag_id_zeroed":"06","filename":"ThreeJohnsCenter_06"}},{"type":"Feature","id":589,"geometry":{"type":"Point","coordinates":[-150.58957168543685,60.547989277917232]},"properties":{"OBJECTID":589,"name":"Three Johns Center","flag_id":7,"flag_id_zeroed":"07","filename":"ThreeJohnsCenter_07"}},{"type":"Feature","id":590,"geometry":{"type":"Point","coordinates":[-150.58957576917817,60.547965473553759]},"properties":{"OBJECTID":590,"name":"Three Johns Center","flag_id":8,"flag_id_zeroed":"08","filename":"ThreeJohnsCenter_08"}},{"type":"Feature","id":591,"geometry":{"type":"Point","coordinates":[-150.58957869139775,60.547939988956408]},"properties":{"OBJECTID":591,"name":"Three Johns Center","flag_id":9,"flag_id_zeroed":"09","filename":"ThreeJohnsCenter_09"}},{"type":"Feature","id":592,"geometry":{"type":"Point","coordinates":[-150.58958189389176,60.547916660706655]},"properties":{"OBJECTID":592,"name":"Three Johns Center","flag_id":10,"flag_id_zeroed":"10","filename":"ThreeJohnsCenter_10"}},{"type":"Feature","id":593,"geometry":{"type":"Point","coordinates":[-150.58957007296095,60.547891464499607]},"properties":{"OBJECTID":593,"name":"Three Johns Center","flag_id":11,"flag_id_zeroed":"11","filename":"ThreeJohnsCenter_11"}},{"type":"Feature","id":594,"geometry":{"type":"Point","coordinates":[-150.58955614727742,60.547867604851895]},"properties":{"OBJECTID":594,"name":"Three Johns Center","flag_id":12,"flag_id_zeroed":"12","filename":"ThreeJohnsCenter_12"}},{"type":"Feature","id":595,"geometry":{"type":"Point","coordinates":[-150.58955395898136,60.547843585291695]},"properties":{"OBJECTID":595,"name":"Three Johns Center","flag_id":13,"flag_id_zeroed":"13","filename":"ThreeJohnsCenter_13"}},{"type":"Feature","id":596,"geometry":{"type":"Point","coordinates":[-150.58954642750601,60.547816062599388]},"properties":{"OBJECTID":596,"name":"Three Johns Center","flag_id":14,"flag_id_zeroed":"14","filename":"ThreeJohnsCenter_14"}},{"type":"Feature","id":597,"geometry":{"type":"Point","coordinates":[-150.58953210476713,60.547788379988482]},"properties":{"OBJECTID":597,"name":"Three Johns Center","flag_id":15,"flag_id_zeroed":"15","filename":"ThreeJohnsCenter_15"}},{"type":"Feature","id":598,"geometry":{"type":"Point","coordinates":[-150.5895240783201,60.547763295873246]},"properties":{"OBJECTID":598,"name":"Three Johns Center","flag_id":16,"flag_id_zeroed":"16","filename":"ThreeJohnsCenter_16"}},{"type":"Feature","id":599,"geometry":{"type":"Point","coordinates":[-150.58952136271296,60.547740313347219]},"properties":{"OBJECTID":599,"name":"Three Johns Center","flag_id":17,"flag_id_zeroed":"17","filename":"ThreeJohnsCenter_17"}},{"type":"Feature","id":600,"geometry":{"type":"Point","coordinates":[-150.58951595575326,60.547714287047874]},"properties":{"OBJECTID":600,"name":"Three Johns Center","flag_id":18,"flag_id_zeroed":"18","filename":"ThreeJohnsCenter_18"}},{"type":"Feature","id":601,"geometry":{"type":"Point","coordinates":[-150.58950873868829,60.547688277070527]},"properties":{"OBJECTID":601,"name":"Three Johns Center","flag_id":19,"flag_id_zeroed":"19","filename":"ThreeJohnsCenter_19"}},{"type":"Feature","id":602,"geometry":{"type":"Point","coordinates":[-150.58950138777431,60.547659517483019]},"properties":{"OBJECTID":602,"name":"Three Johns Center","flag_id":20,"flag_id_zeroed":"20","filename":"ThreeJohnsCenter_20"}},{"type":"Feature","id":603,"geometry":{"type":"Point","coordinates":[-150.58949364788981,60.547630607691474]},"properties":{"OBJECTID":603,"name":"Three Johns Center","flag_id":21,"flag_id_zeroed":"21","filename":"ThreeJohnsCenter_21"}},{"type":"Feature","id":604,"geometry":{"type":"Point","coordinates":[-150.58948913026228,60.547604550826442]},"properties":{"OBJECTID":604,"name":"Three Johns Center","flag_id":22,"flag_id_zeroed":"22","filename":"ThreeJohnsCenter_22"}},{"type":"Feature","id":605,"geometry":{"type":"Point","coordinates":[-150.58948037258656,60.547576127299955]},"properties":{"OBJECTID":605,"name":"Three Johns Center","flag_id":23,"flag_id_zeroed":"23","filename":"ThreeJohnsCenter_23"}},{"type":"Feature","id":606,"geometry":{"type":"Point","coordinates":[-150.58946871604743,60.547551494881873]},"properties":{"OBJECTID":606,"name":"Three Johns Center","flag_id":24,"flag_id_zeroed":"24","filename":"ThreeJohnsCenter_24"}},{"type":"Feature","id":607,"geometry":{"type":"Point","coordinates":[-150.58945582791804,60.547523131380345]},"properties":{"OBJECTID":607,"name":"Three Johns Center","flag_id":25,"flag_id_zeroed":"25","filename":"ThreeJohnsCenter_25"}},{"type":"Feature","id":608,"geometry":{"type":"Point","coordinates":[-150.58944585482178,60.547496552335453]},"properties":{"OBJECTID":608,"name":"Three Johns Center","flag_id":26,"flag_id_zeroed":"26","filename":"ThreeJohnsCenter_26"}},{"type":"Feature","id":609,"geometry":{"type":"Point","coordinates":[-150.58943561492583,60.547473971128525]},"properties":{"OBJECTID":609,"name":"Three Johns Center","flag_id":27,"flag_id_zeroed":"27","filename":"ThreeJohnsCenter_27"}},{"type":"Feature","id":610,"geometry":{"type":"Point","coordinates":[-150.58845750409165,60.537684273836597]},"properties":{"OBJECTID":610,"name":"Three Johns South","flag_id":1,"flag_id_zeroed":"01","filename":"ThreeJohnsSouth_01"}},{"type":"Feature","id":611,"geometry":{"type":"Point","coordinates":[-150.58843595440632,60.537662047204691]},"properties":{"OBJECTID":611,"name":"Three Johns South","flag_id":2,"flag_id_zeroed":"02","filename":"ThreeJohnsSouth_02"}},{"type":"Feature","id":612,"geometry":{"type":"Point","coordinates":[-150.58841826118848,60.537636967168375]},"properties":{"OBJECTID":612,"name":"Three Johns South","flag_id":3,"flag_id_zeroed":"03","filename":"ThreeJohnsSouth_03"}},{"type":"Feature","id":613,"geometry":{"type":"Point","coordinates":[-150.58840341203683,60.537613163141451]},"properties":{"OBJECTID":613,"name":"Three Johns South","flag_id":4,"flag_id_zeroed":"04","filename":"ThreeJohnsSouth_04"}},{"type":"Feature","id":614,"geometry":{"type":"Point","coordinates":[-150.5883878334532,60.537587528117953]},"properties":{"OBJECTID":614,"name":"Three Johns South","flag_id":5,"flag_id_zeroed":"05","filename":"ThreeJohnsSouth_05"}},{"type":"Feature","id":615,"geometry":{"type":"Point","coordinates":[-150.58836628466614,60.537562932721201]},"properties":{"OBJECTID":615,"name":"Three Johns South","flag_id":6,"flag_id_zeroed":"06","filename":"ThreeJohnsSouth_06"}},{"type":"Feature","id":616,"geometry":{"type":"Point","coordinates":[-150.58835131963181,60.537536241662018]},"properties":{"OBJECTID":616,"name":"Three Johns South","flag_id":7,"flag_id_zeroed":"07","filename":"ThreeJohnsSouth_07"}},{"type":"Feature","id":617,"geometry":{"type":"Point","coordinates":[-150.58833971788994,60.537508784872649]},"properties":{"OBJECTID":617,"name":"Three Johns South","flag_id":8,"flag_id_zeroed":"08","filename":"ThreeJohnsSouth_08"}},{"type":"Feature","id":618,"geometry":{"type":"Point","coordinates":[-150.58832984001506,60.537482458286853]},"properties":{"OBJECTID":618,"name":"Three Johns South","flag_id":9,"flag_id_zeroed":"09","filename":"ThreeJohnsSouth_09"}},{"type":"Feature","id":619,"geometry":{"type":"Point","coordinates":[-150.58831935937064,60.537454687303345]},"properties":{"OBJECTID":619,"name":"Three Johns South","flag_id":10,"flag_id_zeroed":"10","filename":"ThreeJohnsSouth_10"}},{"type":"Feature","id":620,"geometry":{"type":"Point","coordinates":[-150.58830917517028,60.537426888901869]},"properties":{"OBJECTID":620,"name":"Three Johns South","flag_id":11,"flag_id_zeroed":"11","filename":"ThreeJohnsSouth_11"}},{"type":"Feature","id":621,"geometry":{"type":"Point","coordinates":[-150.58829864781345,60.53740174903475]},"properties":{"OBJECTID":621,"name":"Three Johns South","flag_id":12,"flag_id_zeroed":"12","filename":"ThreeJohnsSouth_12"}},{"type":"Feature","id":622,"geometry":{"type":"Point","coordinates":[-150.58828920741814,60.537375517799646]},"properties":{"OBJECTID":622,"name":"Three Johns South","flag_id":13,"flag_id_zeroed":"13","filename":"ThreeJohnsSouth_13"}},{"type":"Feature","id":623,"geometry":{"type":"Point","coordinates":[-150.58828026379118,60.537348074571042]},"properties":{"OBJECTID":623,"name":"Three Johns South","flag_id":14,"flag_id_zeroed":"14","filename":"ThreeJohnsSouth_14"}},{"type":"Feature","id":624,"geometry":{"type":"Point","coordinates":[-150.5882699789795,60.537322505172078]},"properties":{"OBJECTID":624,"name":"Three Johns South","flag_id":15,"flag_id_zeroed":"15","filename":"ThreeJohnsSouth_15"}},{"type":"Feature","id":625,"geometry":{"type":"Point","coordinates":[-150.58826129047404,60.537295749405615]},"properties":{"OBJECTID":625,"name":"Three Johns South","flag_id":16,"flag_id_zeroed":"16","filename":"ThreeJohnsSouth_16"}},{"type":"Feature","id":626,"geometry":{"type":"Point","coordinates":[-150.58825349489402,60.537268498752915]},"properties":{"OBJECTID":626,"name":"Three Johns South","flag_id":17,"flag_id_zeroed":"17","filename":"ThreeJohnsSouth_17"}},{"type":"Feature","id":627,"geometry":{"type":"Point","coordinates":[-150.58823895206788,60.537240006497505]},"properties":{"OBJECTID":627,"name":"Three Johns South","flag_id":18,"flag_id_zeroed":"18","filename":"ThreeJohnsSouth_18"}},{"type":"Feature","id":628,"geometry":{"type":"Point","coordinates":[-150.58822279586749,60.537214743652719]},"properties":{"OBJECTID":628,"name":"Three Johns South","flag_id":19,"flag_id_zeroed":"19","filename":"ThreeJohnsSouth_19"}},{"type":"Feature","id":629,"geometry":{"type":"Point","coordinates":[-150.58820969304074,60.537189160009397]},"properties":{"OBJECTID":629,"name":"Three Johns South","flag_id":20,"flag_id_zeroed":"20","filename":"ThreeJohnsSouth_20"}},{"type":"Feature","id":630,"geometry":{"type":"Point","coordinates":[-150.58819320536202,60.53716328384489]},"properties":{"OBJECTID":630,"name":"Three Johns South","flag_id":21,"flag_id_zeroed":"21","filename":"ThreeJohnsSouth_21"}},{"type":"Feature","id":631,"geometry":{"type":"Point","coordinates":[-150.58817779296669,60.537137247711904]},"properties":{"OBJECTID":631,"name":"Three Johns South","flag_id":22,"flag_id_zeroed":"22","filename":"ThreeJohnsSouth_22"}},{"type":"Feature","id":632,"geometry":{"type":"Point","coordinates":[-150.5881602892934,60.53711214826955]},"properties":{"OBJECTID":632,"name":"Three Johns South","flag_id":23,"flag_id_zeroed":"23","filename":"ThreeJohnsSouth_23"}},{"type":"Feature","id":633,"geometry":{"type":"Point","coordinates":[-150.58814517244377,60.537086165116882]},"properties":{"OBJECTID":633,"name":"Three Johns South","flag_id":24,"flag_id_zeroed":"24","filename":"ThreeJohnsSouth_24"}},{"type":"Feature","id":634,"geometry":{"type":"Point","coordinates":[-150.58812665097926,60.537062075694386]},"properties":{"OBJECTID":634,"name":"Three Johns South","flag_id":25,"flag_id_zeroed":"25","filename":"ThreeJohnsSouth_25"}},{"type":"Feature","id":635,"geometry":{"type":"Point","coordinates":[-150.5881103258956,60.53703713835128]},"properties":{"OBJECTID":635,"name":"Three Johns South","flag_id":26,"flag_id_zeroed":"26","filename":"ThreeJohnsSouth_26"}},{"type":"Feature","id":636,"geometry":{"type":"Point","coordinates":[-150.58808875285405,60.53701244091156]},"properties":{"OBJECTID":636,"name":"Three Johns South","flag_id":27,"flag_id_zeroed":"27","filename":"ThreeJohnsSouth_27"}},{"type":"Feature","id":637,"geometry":{"type":"Point","coordinates":[-150.58807686365128,60.536989467980987]},"properties":{"OBJECTID":637,"name":"Three Johns South","flag_id":28,"flag_id_zeroed":"28","filename":"ThreeJohnsSouth_28"}},{"type":"Feature","id":638,"geometry":{"type":"Point","coordinates":[-150.58805792087688,60.536965947585564]},"properties":{"OBJECTID":638,"name":"Three Johns South","flag_id":29,"flag_id_zeroed":"29","filename":"ThreeJohnsSouth_29"}},{"type":"Feature","id":639,"geometry":{"type":"Point","coordinates":[-150.58804310945445,60.536937010123424]},"properties":{"OBJECTID":639,"name":"Three Johns South","flag_id":30,"flag_id_zeroed":"30","filename":"ThreeJohnsSouth_30"}},{"type":"Feature","id":640,"geometry":{"type":"Point","coordinates":[-150.58802457092196,60.536907794271251]},"properties":{"OBJECTID":640,"name":"Three Johns South","flag_id":31,"flag_id_zeroed":"31","filename":"ThreeJohnsSouth_31"}},{"type":"Feature","id":641,"geometry":{"type":"Point","coordinates":[-149.81705558257667,61.198374211194952]},"properties":{"OBJECTID":641,"name":"Goose Lake Fire","flag_id":1,"flag_id_zeroed":"01","filename":"Goose_Lake_Fire_01"}},{"type":"Feature","id":642,"geometry":{"type":"Point","coordinates":[-149.81709448412008,61.198351724334742]},"properties":{"OBJECTID":642,"name":"Goose Lake Fire","flag_id":2,"flag_id_zeroed":"02","filename":"Goose_Lake_Fire_02"}},{"type":"Feature","id":643,"geometry":{"type":"Point","coordinates":[-149.81711012378915,61.198326682268323]},"properties":{"OBJECTID":643,"name":"Goose Lake Fire","flag_id":3,"flag_id_zeroed":"03","filename":"Goose_Lake_Fire_03"}},{"type":"Feature","id":644,"geometry":{"type":"Point","coordinates":[-149.81705347692568,61.198311400028281]},"properties":{"OBJECTID":644,"name":"Goose Lake Fire","flag_id":4,"flag_id_zeroed":"04","filename":"Goose_Lake_Fire_04"}},{"type":"Feature","id":645,"geometry":{"type":"Point","coordinates":[-149.81700642047613,61.198296462281718]},"properties":{"OBJECTID":645,"name":"Goose Lake Fire","flag_id":5,"flag_id_zeroed":"05","filename":"Goose_Lake_Fire_05"}},{"type":"Feature","id":646,"geometry":{"type":"Point","coordinates":[-149.81698706268006,61.198275587943023]},"properties":{"OBJECTID":646,"name":"Goose Lake Fire","flag_id":6,"flag_id_zeroed":"06","filename":"Goose_Lake_Fire_06"}},{"type":"Feature","id":647,"geometry":{"type":"Point","coordinates":[-149.81703124272406,61.198248827636846]},"properties":{"OBJECTID":647,"name":"Goose Lake Fire","flag_id":7,"flag_id_zeroed":"07","filename":"Goose_Lake_Fire_07"}},{"type":"Feature","id":648,"geometry":{"type":"Point","coordinates":[-149.81705347512903,61.198217270683621]},"properties":{"OBJECTID":648,"name":"Goose Lake Fire","flag_id":8,"flag_id_zeroed":"08","filename":"Goose_Lake_Fire_08"}},{"type":"Feature","id":649,"geometry":{"type":"Point","coordinates":[-149.81702537403032,61.19819076957004]},"properties":{"OBJECTID":649,"name":"Goose Lake Fire","flag_id":9,"flag_id_zeroed":"09","filename":"Goose_Lake_Fire_09"}},{"type":"Feature","id":650,"geometry":{"type":"Point","coordinates":[-149.81702167746289,61.198161047596606]},"properties":{"OBJECTID":650,"name":"Goose Lake Fire","flag_id":10,"flag_id_zeroed":"10","filename":"Goose_Lake_Fire_10"}},{"type":"Feature","id":651,"geometry":{"type":"Point","coordinates":[-149.81700177798274,61.198142274374433]},"properties":{"OBJECTID":651,"name":"Goose Lake Fire","flag_id":11,"flag_id_zeroed":"11","filename":"Goose_Lake_Fire_11"}},{"type":"Feature","id":652,"geometry":{"type":"Point","coordinates":[-149.81699321703809,61.198115604841441]},"properties":{"OBJECTID":652,"name":"Goose Lake Fire","flag_id":12,"flag_id_zeroed":"12","filename":"Goose_Lake_Fire_12"}},{"type":"Feature","id":653,"geometry":{"type":"Point","coordinates":[-149.81703888918375,61.198092066109886]},"properties":{"OBJECTID":653,"name":"Goose Lake Fire","flag_id":13,"flag_id_zeroed":"13","filename":"Goose_Lake_Fire_13"}},{"type":"Feature","id":654,"geometry":{"type":"Point","coordinates":[-149.81698414405372,61.198068564148166]},"properties":{"OBJECTID":654,"name":"Goose Lake Fire","flag_id":14,"flag_id_zeroed":"14","filename":"Goose_Lake_Fire_14"}},{"type":"Feature","id":655,"geometry":{"type":"Point","coordinates":[-149.81704047021864,61.198044812014246]},"properties":{"OBJECTID":655,"name":"Goose Lake Fire","flag_id":15,"flag_id_zeroed":"15","filename":"Goose_Lake_Fire_15"}},{"type":"Feature","id":656,"geometry":{"type":"Point","coordinates":[-149.81697600711388,61.198017866709016]},"properties":{"OBJECTID":656,"name":"Goose Lake Fire","flag_id":16,"flag_id_zeroed":"16","filename":"Goose_Lake_Fire_16"}},{"type":"Feature","id":657,"geometry":{"type":"Point","coordinates":[-149.81702357021322,61.19798759535643]},"properties":{"OBJECTID":657,"name":"Goose Lake Fire","flag_id":17,"flag_id_zeroed":"17","filename":"Goose_Lake_Fire_17"}},{"type":"Feature","id":658,"geometry":{"type":"Point","coordinates":[-149.81711089364535,61.197992587205931]},"properties":{"OBJECTID":658,"name":"Goose Lake Fire","flag_id":18,"flag_id_zeroed":"18","filename":"Goose_Lake_Fire_18"}},{"type":"Feature","id":659,"geometry":{"type":"Point","coordinates":[-149.81711413027531,61.197943206639536]},"properties":{"OBJECTID":659,"name":"Goose Lake Fire","flag_id":19,"flag_id_zeroed":"19","filename":"Goose_Lake_Fire_19"}},{"type":"Feature","id":660,"geometry":{"type":"Point","coordinates":[-149.81715063421521,61.197901870367012]},"properties":{"OBJECTID":660,"name":"Goose Lake Fire","flag_id":20,"flag_id_zeroed":"20","filename":"Goose_Lake_Fire_20"}},{"type":"Feature","id":664,"geometry":{"type":"Point","coordinates":[-149.80071978471199,61.148054891843728]},"properties":{"OBJECTID":664,"name":"Abbott Loop West Pre","flag_id":1,"flag_id_zeroed":"10","filename":"Abbott_Loop_West_Pre_01"}},{"type":"Feature","id":665,"geometry":{"type":"Point","coordinates":[-149.80066731321793,61.148048744227012]},"properties":{"OBJECTID":665,"name":"Abbott Loop West Pre","flag_id":2,"flag_id_zeroed":"20","filename":"Abbott_Loop_West_Pre_02"}},{"type":"Feature","id":666,"geometry":{"type":"Point","coordinates":[-149.80060718987428,61.148046460652786]},"properties":{"OBJECTID":666,"name":"Abbott Loop West Pre","flag_id":3,"flag_id_zeroed":"30","filename":"Abbott_Loop_West_Pre_03"}},{"type":"Feature","id":667,"geometry":{"type":"Point","coordinates":[-149.80055512711365,61.148050454306649]},"properties":{"OBJECTID":667,"name":"Abbott Loop West Pre","flag_id":4,"flag_id_zeroed":"40","filename":"Abbott_Loop_West_Pre_04"}},{"type":"Feature","id":668,"geometry":{"type":"Point","coordinates":[-149.80051239245898,61.148056868079919]},"properties":{"OBJECTID":668,"name":"Abbott Loop West Pre","flag_id":5,"flag_id_zeroed":"50","filename":"Abbott_Loop_West_Pre_05"}},{"type":"Feature","id":669,"geometry":{"type":"Point","coordinates":[-149.8004553943542,61.14805672633188]},"properties":{"OBJECTID":669,"name":"Abbott Loop West Pre","flag_id":6,"flag_id_zeroed":"60","filename":"Abbott_Loop_West_Pre_06"}},{"type":"Feature","id":670,"geometry":{"type":"Point","coordinates":[-149.80040183769526,61.148057321933649]},"properties":{"OBJECTID":670,"name":"Abbott Loop West Pre","flag_id":7,"flag_id_zeroed":"70","filename":"Abbott_Loop_West_Pre_07"}},{"type":"Feature","id":671,"geometry":{"type":"Point","coordinates":[-149.80033008296533,61.148057845144166]},"properties":{"OBJECTID":671,"name":"Abbott Loop West Pre","flag_id":8,"flag_id_zeroed":"80","filename":"Abbott_Loop_West_Pre_08"}},{"type":"Feature","id":672,"geometry":{"type":"Point","coordinates":[-149.80026637803866,61.148064670721979]},"properties":{"OBJECTID":672,"name":"Abbott Loop West Pre","flag_id":9,"flag_id_zeroed":"90","filename":"Abbott_Loop_West_Pre_09"}},{"type":"Feature","id":673,"geometry":{"type":"Point","coordinates":[-149.80020740094531,61.14807191807428]},"properties":{"OBJECTID":673,"name":"Abbott Loop West Pre","flag_id":10,"flag_id_zeroed":"10","filename":"Abbott_Loop_West_Pre_10"}},{"type":"Feature","id":674,"geometry":{"type":"Point","coordinates":[-149.80015861164557,61.148080808747096]},"properties":{"OBJECTID":674,"name":"Abbott Loop West Pre","flag_id":11,"flag_id_zeroed":"11","filename":"Abbott_Loop_West_Pre_11"}},{"type":"Feature","id":675,"geometry":{"type":"Point","coordinates":[-149.80009740223875,61.148076073846411]},"properties":{"OBJECTID":675,"name":"Abbott Loop West Pre","flag_id":12,"flag_id_zeroed":"12","filename":"Abbott_Loop_West_Pre_12"}},{"type":"Feature","id":676,"geometry":{"type":"Point","coordinates":[-149.80005025865265,61.148084546643503]},"properties":{"OBJECTID":676,"name":"Abbott Loop West Pre","flag_id":13,"flag_id_zeroed":"13","filename":"Abbott_Loop_West_Pre_13"}},{"type":"Feature","id":677,"geometry":{"type":"Point","coordinates":[-149.79999910408878,61.148091829970092]},"properties":{"OBJECTID":677,"name":"Abbott Loop West Pre","flag_id":14,"flag_id_zeroed":"14","filename":"Abbott_Loop_West_Pre_14"}},{"type":"Feature","id":678,"geometry":{"type":"Point","coordinates":[-149.79994913080952,61.148111802540456]},"properties":{"OBJECTID":678,"name":"Abbott Loop West Pre","flag_id":15,"flag_id_zeroed":"15","filename":"Abbott_Loop_West_Pre_15"}},{"type":"Feature","id":679,"geometry":{"type":"Point","coordinates":[-149.79988505577694,61.148117400926573]},"properties":{"OBJECTID":679,"name":"Abbott Loop West Pre","flag_id":16,"flag_id_zeroed":"16","filename":"Abbott_Loop_West_Pre_16"}},{"type":"Feature","id":680,"geometry":{"type":"Point","coordinates":[-149.79983721330154,61.14812965235074]},"properties":{"OBJECTID":680,"name":"Abbott Loop West Pre","flag_id":17,"flag_id_zeroed":"17","filename":"Abbott_Loop_West_Pre_17"}},{"type":"Feature","id":681,"geometry":{"type":"Point","coordinates":[-149.79976976779,61.148130223676297]},"properties":{"OBJECTID":681,"name":"Abbott Loop West Pre","flag_id":18,"flag_id_zeroed":"18","filename":"Abbott_Loop_West_Pre_18"}},{"type":"Feature","id":682,"geometry":{"type":"Point","coordinates":[-149.79972339855166,61.148145600478834]},"properties":{"OBJECTID":682,"name":"Abbott Loop West Pre","flag_id":19,"flag_id_zeroed":"19","filename":"Abbott_Loop_West_Pre_19"}},{"type":"Feature","id":683,"geometry":{"type":"Point","coordinates":[-149.79969888173093,61.148164066676721]},"properties":{"OBJECTID":683,"name":"Abbott Loop West Pre","flag_id":20,"flag_id_zeroed":"20","filename":"Abbott_Loop_West_Pre_20"}},{"type":"Feature","id":684,"geometry":{"type":"Point","coordinates":[-149.79967930384763,61.148182470009466]},"properties":{"OBJECTID":684,"name":"Abbott Loop West Pre","flag_id":21,"flag_id_zeroed":"21","filename":"Abbott_Loop_West_Pre_21"}},{"type":"Feature","id":685,"geometry":{"type":"Point","coordinates":[-149.79963270104733,61.148198190534806]},"properties":{"OBJECTID":685,"name":"Abbott Loop West Pre","flag_id":22,"flag_id_zeroed":"22","filename":"Abbott_Loop_West_Pre_22"}},{"type":"Feature","id":686,"geometry":{"type":"Point","coordinates":[-149.79962176944863,61.148221115889541]},"properties":{"OBJECTID":686,"name":"Abbott Loop West Pre","flag_id":23,"flag_id_zeroed":"23","filename":"Abbott_Loop_West_Pre_23"}},{"type":"Feature","id":687,"geometry":{"type":"Point","coordinates":[-149.79566260114072,61.149848547689338]},"properties":{"OBJECTID":687,"name":"Abbott Loop East Pre","flag_id":1,"flag_id_zeroed":"10","filename":"Abbott_Loop_East_Pre_01"}},{"type":"Feature","id":688,"geometry":{"type":"Point","coordinates":[-149.79560790092646,61.149847812982131]},"properties":{"OBJECTID":688,"name":"Abbott Loop East Pre","flag_id":2,"flag_id_zeroed":"20","filename":"Abbott_Loop_East_Pre_02"}},{"type":"Feature","id":689,"geometry":{"type":"Point","coordinates":[-149.79555167177958,61.149862105309566]},"properties":{"OBJECTID":689,"name":"Abbott Loop East Pre","flag_id":3,"flag_id_zeroed":"30","filename":"Abbott_Loop_East_Pre_03"}},{"type":"Feature","id":690,"geometry":{"type":"Point","coordinates":[-149.79550205243652,61.149873722345028]},"properties":{"OBJECTID":690,"name":"Abbott Loop East Pre","flag_id":4,"flag_id_zeroed":"40","filename":"Abbott_Loop_East_Pre_04"}},{"type":"Feature","id":691,"geometry":{"type":"Point","coordinates":[-149.79546989724093,61.149892337507403]},"properties":{"OBJECTID":691,"name":"Abbott Loop East Pre","flag_id":5,"flag_id_zeroed":"50","filename":"Abbott_Loop_East_Pre_05"}},{"type":"Feature","id":692,"geometry":{"type":"Point","coordinates":[-149.79542914067648,61.149914879324726]},"properties":{"OBJECTID":692,"name":"Abbott Loop East Pre","flag_id":6,"flag_id_zeroed":"60","filename":"Abbott_Loop_East_Pre_06"}},{"type":"Feature","id":693,"geometry":{"type":"Point","coordinates":[-149.79542867984074,61.149938245122662]},"properties":{"OBJECTID":693,"name":"Abbott Loop East Pre","flag_id":7,"flag_id_zeroed":"70","filename":"Abbott_Loop_East_Pre_07"}},{"type":"Feature","id":694,"geometry":{"type":"Point","coordinates":[-149.79540802218247,61.149962464374227]},"properties":{"OBJECTID":694,"name":"Abbott Loop East Pre","flag_id":8,"flag_id_zeroed":"80","filename":"Abbott_Loop_East_Pre_08"}},{"type":"Feature","id":695,"geometry":{"type":"Point","coordinates":[-149.79537422666317,61.149982857078008]},"properties":{"OBJECTID":695,"name":"Abbott Loop East Pre","flag_id":9,"flag_id_zeroed":"90","filename":"Abbott_Loop_East_Pre_09"}},{"type":"Feature","id":696,"geometry":{"type":"Point","coordinates":[-149.79535346390202,61.15000392638941]},"properties":{"OBJECTID":696,"name":"Abbott Loop East Pre","flag_id":10,"flag_id_zeroed":"10","filename":"Abbott_Loop_East_Pre_10"}},{"type":"Feature","id":697,"geometry":{"type":"Point","coordinates":[-149.79531915095311,61.150024511519597]},"properties":{"OBJECTID":697,"name":"Abbott Loop East Pre","flag_id":11,"flag_id_zeroed":"11","filename":"Abbott_Loop_East_Pre_11"}},{"type":"Feature","id":698,"geometry":{"type":"Point","coordinates":[-149.79526372849335,61.15002996045866]},"properties":{"OBJECTID":698,"name":"Abbott Loop East Pre","flag_id":12,"flag_id_zeroed":"12","filename":"Abbott_Loop_East_Pre_12"}},{"type":"Feature","id":699,"geometry":{"type":"Point","coordinates":[-149.79521999940363,61.150045178558948]},"properties":{"OBJECTID":699,"name":"Abbott Loop East Pre","flag_id":13,"flag_id_zeroed":"13","filename":"Abbott_Loop_East_Pre_13"}},{"type":"Feature","id":700,"geometry":{"type":"Point","coordinates":[-149.79518503068456,61.150064175491934]},"properties":{"OBJECTID":700,"name":"Abbott Loop East Pre","flag_id":14,"flag_id_zeroed":"14","filename":"Abbott_Loop_East_Pre_14"}},{"type":"Feature","id":701,"geometry":{"type":"Point","coordinates":[-149.79515305874529,61.150089978481446]},"properties":{"OBJECTID":701,"name":"Abbott Loop East Pre","flag_id":15,"flag_id_zeroed":"15","filename":"Abbott_Loop_East_Pre_15"}},{"type":"Feature","id":702,"geometry":{"type":"Point","coordinates":[-149.79512205429154,61.150119029738171]},"properties":{"OBJECTID":702,"name":"Abbott Loop East Pre","flag_id":16,"flag_id_zeroed":"16","filename":"Abbott_Loop_East_Pre_16"}},{"type":"Feature","id":703,"geometry":{"type":"Point","coordinates":[-149.7950785857133,61.150143680135272]},"properties":{"OBJECTID":703,"name":"Abbott Loop East Pre","flag_id":17,"flag_id_zeroed":"17","filename":"Abbott_Loop_East_Pre_17"}},{"type":"Feature","id":704,"geometry":{"type":"Point","coordinates":[-149.79502024193221,61.150160802332294]},"properties":{"OBJECTID":704,"name":"Abbott Loop East Pre","flag_id":18,"flag_id_zeroed":"18","filename":"Abbott_Loop_East_Pre_18"}},{"type":"Feature","id":705,"geometry":{"type":"Point","coordinates":[-149.79496863641407,61.15017397621417]},"properties":{"OBJECTID":705,"name":"Abbott Loop East Pre","flag_id":19,"flag_id_zeroed":"19","filename":"Abbott_Loop_East_Pre_19"}},{"type":"Feature","id":706,"geometry":{"type":"Point","coordinates":[-149.79491735967935,61.150182623995804]},"properties":{"OBJECTID":706,"name":"Abbott Loop East Pre","flag_id":20,"flag_id_zeroed":"20","filename":"Abbott_Loop_East_Pre_20"}},{"type":"Feature","id":707,"geometry":{"type":"Point","coordinates":[-149.79485339693616,61.150191338526511]},"properties":{"OBJECTID":707,"name":"Abbott Loop East Pre","flag_id":21,"flag_id_zeroed":"21","filename":"Abbott_Loop_East_Pre_21"}},{"type":"Feature","id":708,"geometry":{"type":"Point","coordinates":[-149.79481874981397,61.150212506525477]},"properties":{"OBJECTID":708,"name":"Abbott Loop East Pre","flag_id":22,"flag_id_zeroed":"22","filename":"Abbott_Loop_East_Pre_22"}},{"type":"Feature","id":709,"geometry":{"type":"Point","coordinates":[-149.79479938393305,61.150237139078129]},"properties":{"OBJECTID":709,"name":"Abbott Loop East Pre","flag_id":23,"flag_id_zeroed":"23","filename":"Abbott_Loop_East_Pre_23"}},{"type":"Feature","id":710,"geometry":{"type":"Point","coordinates":[-149.7947771802742,61.150263524049407]},"properties":{"OBJECTID":710,"name":"Abbott Loop East Pre","flag_id":24,"flag_id_zeroed":"24","filename":"Abbott_Loop_East_Pre_24"}},{"type":"Feature","id":711,"geometry":{"type":"Point","coordinates":[-149.7947400762597,61.150283660389981]},"properties":{"OBJECTID":711,"name":"Abbott Loop East Pre","flag_id":25,"flag_id_zeroed":"25","filename":"Abbott_Loop_East_Pre_25"}},{"type":"Feature","id":712,"geometry":{"type":"Point","coordinates":[-149.79470158165316,61.150304989136735]},"properties":{"OBJECTID":712,"name":"Abbott Loop East Pre","flag_id":26,"flag_id_zeroed":"26","filename":"Abbott_Loop_East_Pre_26"}},{"type":"Feature","id":713,"geometry":{"type":"Point","coordinates":[-149.79464580615547,61.150325337840869]},"properties":{"OBJECTID":713,"name":"Abbott Loop East Pre","flag_id":27,"flag_id_zeroed":"27","filename":"Abbott_Loop_East_Pre_27"}},{"type":"Feature","id":714,"geometry":{"type":"Point","coordinates":[-149.79460967142319,61.150353863974686]},"properties":{"OBJECTID":714,"name":"Abbott Loop East Pre","flag_id":28,"flag_id_zeroed":"28","filename":"Abbott_Loop_East_Pre_28"}},{"type":"Feature","id":715,"geometry":{"type":"Point","coordinates":[-149.79457237157595,61.150382020351401]},"properties":{"OBJECTID":715,"name":"Abbott Loop East Pre","flag_id":29,"flag_id_zeroed":"29","filename":"Abbott_Loop_East_Pre_29"}},{"type":"Feature","id":716,"geometry":{"type":"Point","coordinates":[-149.79454092515113,61.150409905364633]},"properties":{"OBJECTID":716,"name":"Abbott Loop East Pre","flag_id":30,"flag_id_zeroed":"30","filename":"Abbott_Loop_East_Pre_30"}},{"type":"Feature","id":718,"geometry":{"type":"Point","coordinates":[-149.79694094690916,61.149662932801547]},"properties":{"OBJECTID":718,"name":"Abbott Loop Center","flag_id":1,"flag_id_zeroed":"01","filename":"Abbott_Loop_Center_01"}},{"type":"Feature","id":719,"geometry":{"type":"Point","coordinates":[-149.79697586352594,61.149642601875648]},"properties":{"OBJECTID":719,"name":"Abbott Loop Center","flag_id":2,"flag_id_zeroed":"02","filename":"Abbott_Loop_Center_02"}},{"type":"Feature","id":720,"geometry":{"type":"Point","coordinates":[-149.79699342019987,61.149625665351294]},"properties":{"OBJECTID":720,"name":"Abbott Loop Center","flag_id":3,"flag_id_zeroed":"03","filename":"Abbott_Loop_Center_03"}},{"type":"Feature","id":721,"geometry":{"type":"Point","coordinates":[-149.79700610710663,61.149601193134743]},"properties":{"OBJECTID":721,"name":"Abbott Loop Center","flag_id":4,"flag_id_zeroed":"04","filename":"Abbott_Loop_Center_04"}},{"type":"Feature","id":722,"geometry":{"type":"Point","coordinates":[-149.79703363777512,61.149577277460907]},"properties":{"OBJECTID":722,"name":"Abbott Loop Center","flag_id":5,"flag_id_zeroed":"05","filename":"Abbott_Loop_Center_05"}},{"type":"Feature","id":723,"geometry":{"type":"Point","coordinates":[-149.79704484425829,61.14955590010841]},"properties":{"OBJECTID":723,"name":"Abbott Loop Center","flag_id":6,"flag_id_zeroed":"06","filename":"Abbott_Loop_Center_06"}},{"type":"Feature","id":724,"geometry":{"type":"Point","coordinates":[-149.79704835667104,61.149527069831421]},"properties":{"OBJECTID":724,"name":"Abbott Loop Center","flag_id":7,"flag_id_zeroed":"07","filename":"Abbott_Loop_Center_07"}},{"type":"Feature","id":725,"geometry":{"type":"Point","coordinates":[-149.79706376008323,61.149501305393144]},"properties":{"OBJECTID":725,"name":"Abbott Loop Center","flag_id":8,"flag_id_zeroed":"08","filename":"Abbott_Loop_Center_08"}},{"type":"Feature","id":726,"geometry":{"type":"Point","coordinates":[-149.79709251515547,61.149472252267458]},"properties":{"OBJECTID":726,"name":"Abbott Loop Center","flag_id":9,"flag_id_zeroed":"09","filename":"Abbott_Loop_Center_09"}},{"type":"Feature","id":727,"geometry":{"type":"Point","coordinates":[-149.79710316647981,61.149447841916881]},"properties":{"OBJECTID":727,"name":"Abbott Loop Center","flag_id":10,"flag_id_zeroed":"10","filename":"Abbott_Loop_Center_10"}},{"type":"Feature","id":728,"geometry":{"type":"Point","coordinates":[-149.79710975472412,61.149425713721641]},"properties":{"OBJECTID":728,"name":"Abbott Loop Center","flag_id":11,"flag_id_zeroed":"11","filename":"Abbott_Loop_Center_11"}},{"type":"Feature","id":729,"geometry":{"type":"Point","coordinates":[-149.79710349705985,61.149397936637804]},"properties":{"OBJECTID":729,"name":"Abbott Loop Center","flag_id":12,"flag_id_zeroed":"12","filename":"Abbott_Loop_Center_12"}},{"type":"Feature","id":730,"geometry":{"type":"Point","coordinates":[-149.79711244877163,61.149363249275424]},"properties":{"OBJECTID":730,"name":"Abbott Loop Center","flag_id":13,"flag_id_zeroed":"13","filename":"Abbott_Loop_Center_13"}},{"type":"Feature","id":731,"geometry":{"type":"Point","coordinates":[-149.79714888623622,61.149342787250795]},"properties":{"OBJECTID":731,"name":"Abbott Loop Center","flag_id":14,"flag_id_zeroed":"14","filename":"Abbott_Loop_Center_14"}},{"type":"Feature","id":732,"geometry":{"type":"Point","coordinates":[-149.7971746948343,61.149323089407815]},"properties":{"OBJECTID":732,"name":"Abbott Loop Center","flag_id":15,"flag_id_zeroed":"15","filename":"Abbott_Loop_Center_15"}},{"type":"Feature","id":733,"geometry":{"type":"Point","coordinates":[-149.79721222195531,61.149301027011482]},"properties":{"OBJECTID":733,"name":"Abbott Loop Center","flag_id":16,"flag_id_zeroed":"16","filename":"Abbott_Loop_Center_16"}},{"type":"Feature","id":734,"geometry":{"type":"Point","coordinates":[-149.79725366752757,61.14928080898639]},"properties":{"OBJECTID":734,"name":"Abbott Loop Center","flag_id":17,"flag_id_zeroed":"17","filename":"Abbott_Loop_Center_17"}},{"type":"Feature","id":735,"geometry":{"type":"Point","coordinates":[-149.79730404235377,61.149262599185327]},"properties":{"OBJECTID":735,"name":"Abbott Loop Center","flag_id":18,"flag_id_zeroed":"18","filename":"Abbott_Loop_Center_18"}},{"type":"Feature","id":736,"geometry":{"type":"Point","coordinates":[-149.79734440006621,61.149246147936559]},"properties":{"OBJECTID":736,"name":"Abbott Loop Center","flag_id":19,"flag_id_zeroed":"19","filename":"Abbott_Loop_Center_19"}},{"type":"Feature","id":737,"geometry":{"type":"Point","coordinates":[-149.79738380915771,61.149220641613709]},"properties":{"OBJECTID":737,"name":"Abbott Loop Center","flag_id":20,"flag_id_zeroed":"20","filename":"Abbott_Loop_Center_20"}},{"type":"Feature","id":738,"geometry":{"type":"Point","coordinates":[-149.79740735669625,61.149197271816824]},"properties":{"OBJECTID":738,"name":"Abbott Loop Center","flag_id":21,"flag_id_zeroed":"21","filename":"Abbott_Loop_Center_21"}},{"type":"Feature","id":739,"geometry":{"type":"Point","coordinates":[-149.79743873484912,61.149176437771814]},"properties":{"OBJECTID":739,"name":"Abbott Loop Center","flag_id":22,"flag_id_zeroed":"22","filename":"Abbott_Loop_Center_22"}},{"type":"Feature","id":740,"geometry":{"type":"Point","coordinates":[-149.79748233098817,61.149157383520595]},"properties":{"OBJECTID":740,"name":"Abbott Loop Center","flag_id":23,"flag_id_zeroed":"23","filename":"Abbott_Loop_Center_23"}},{"type":"Feature","id":741,"geometry":{"type":"Point","coordinates":[-149.79752376308574,61.149134471416339]},"properties":{"OBJECTID":741,"name":"Abbott Loop Center","flag_id":24,"flag_id_zeroed":"24","filename":"Abbott_Loop_Center_24"}},{"type":"Feature","id":742,"geometry":{"type":"Point","coordinates":[-149.79755652374581,61.149112701477492]},"properties":{"OBJECTID":742,"name":"Abbott Loop Center","flag_id":25,"flag_id_zeroed":"25","filename":"Abbott_Loop_Center_25"}},{"type":"Feature","id":743,"geometry":{"type":"Point","coordinates":[-149.79760163264783,61.149089201994379]},"properties":{"OBJECTID":743,"name":"Abbott Loop Center","flag_id":26,"flag_id_zeroed":"26","filename":"Abbott_Loop_Center_26"}},{"type":"Feature","id":744,"geometry":{"type":"Point","coordinates":[-149.6987948592641,61.151260676186261]},"properties":{"OBJECTID":744,"name":"Stuckagain Heights 1","flag_id":1,"flag_id_zeroed":"01","filename":"Stuckagain_Heights_1_01"}},{"type":"Feature","id":745,"geometry":{"type":"Point","coordinates":[-149.6988490663033,61.15124437031325]},"properties":{"OBJECTID":745,"name":"Stuckagain Heights 1","flag_id":2,"flag_id_zeroed":"02","filename":"Stuckagain_Heights_1_02"}},{"type":"Feature","id":746,"geometry":{"type":"Point","coordinates":[-149.69889337211143,61.151232244494302]},"properties":{"OBJECTID":746,"name":"Stuckagain Heights 1","flag_id":3,"flag_id_zeroed":"03","filename":"Stuckagain_Heights_1_03"}},{"type":"Feature","id":747,"geometry":{"type":"Point","coordinates":[-149.69893683709645,61.151224299167644]},"properties":{"OBJECTID":747,"name":"Stuckagain Heights 1","flag_id":4,"flag_id_zeroed":"04","filename":"Stuckagain_Heights_1_04"}},{"type":"Feature","id":748,"geometry":{"type":"Point","coordinates":[-149.69898972900205,61.151204457297446]},"properties":{"OBJECTID":748,"name":"Stuckagain Heights 1","flag_id":5,"flag_id_zeroed":"05","filename":"Stuckagain_Heights_1_05"}},{"type":"Feature","id":749,"geometry":{"type":"Point","coordinates":[-149.69902977859238,61.151184954362655]},"properties":{"OBJECTID":749,"name":"Stuckagain Heights 1","flag_id":6,"flag_id_zeroed":"06","filename":"Stuckagain_Heights_1_06"}},{"type":"Feature","id":750,"geometry":{"type":"Point","coordinates":[-149.69906842501422,61.151163843362731]},"properties":{"OBJECTID":750,"name":"Stuckagain Heights 1","flag_id":7,"flag_id_zeroed":"07","filename":"Stuckagain_Heights_1_07"}},{"type":"Feature","id":751,"geometry":{"type":"Point","coordinates":[-149.69911452026639,61.151146981772513]},"properties":{"OBJECTID":751,"name":"Stuckagain Heights 1","flag_id":8,"flag_id_zeroed":"08","filename":"Stuckagain_Heights_1_08"}},{"type":"Feature","id":752,"geometry":{"type":"Point","coordinates":[-149.69916408660882,61.151138347258232]},"properties":{"OBJECTID":752,"name":"Stuckagain Heights 1","flag_id":9,"flag_id_zeroed":"09","filename":"Stuckagain_Heights_1_09"}},{"type":"Feature","id":753,"geometry":{"type":"Point","coordinates":[-149.69922329636583,61.15113166277898]},"properties":{"OBJECTID":753,"name":"Stuckagain Heights 1","flag_id":10,"flag_id_zeroed":"10","filename":"Stuckagain_Heights_1_10"}},{"type":"Feature","id":754,"geometry":{"type":"Point","coordinates":[-149.69926344117755,61.151114017515319]},"properties":{"OBJECTID":754,"name":"Stuckagain Heights 1","flag_id":11,"flag_id_zeroed":"11","filename":"Stuckagain_Heights_1_11"}},{"type":"Feature","id":755,"geometry":{"type":"Point","coordinates":[-149.69931294643456,61.151106910862005]},"properties":{"OBJECTID":755,"name":"Stuckagain Heights 1","flag_id":12,"flag_id_zeroed":"12","filename":"Stuckagain_Heights_1_12"}},{"type":"Feature","id":756,"geometry":{"type":"Point","coordinates":[-149.69936473431068,61.151100492507261]},"properties":{"OBJECTID":756,"name":"Stuckagain Heights 1","flag_id":13,"flag_id_zeroed":"13","filename":"Stuckagain_Heights_1_13"}},{"type":"Feature","id":757,"geometry":{"type":"Point","coordinates":[-149.69941702704003,61.151092283183409]},"properties":{"OBJECTID":757,"name":"Stuckagain Heights 1","flag_id":14,"flag_id_zeroed":"14","filename":"Stuckagain_Heights_1_14"}},{"type":"Feature","id":758,"geometry":{"type":"Point","coordinates":[-149.69946858225248,61.15108214115466]},"properties":{"OBJECTID":758,"name":"Stuckagain Heights 1","flag_id":15,"flag_id_zeroed":"15","filename":"Stuckagain_Heights_1_15"}},{"type":"Feature","id":759,"geometry":{"type":"Point","coordinates":[-149.69952406489938,61.151073471947541]},"properties":{"OBJECTID":759,"name":"Stuckagain Heights 1","flag_id":16,"flag_id_zeroed":"16","filename":"Stuckagain_Heights_1_16"}},{"type":"Feature","id":760,"geometry":{"type":"Point","coordinates":[-149.69957419179053,61.151062685822559]},"properties":{"OBJECTID":760,"name":"Stuckagain Heights 1","flag_id":17,"flag_id_zeroed":"17","filename":"Stuckagain_Heights_1_17"}},{"type":"Feature","id":761,"geometry":{"type":"Point","coordinates":[-149.69962171356735,61.151057323316152]},"properties":{"OBJECTID":761,"name":"Stuckagain Heights 1","flag_id":18,"flag_id_zeroed":"18","filename":"Stuckagain_Heights_1_18"}},{"type":"Feature","id":762,"geometry":{"type":"Point","coordinates":[-149.69967225458191,61.151052368674947]},"properties":{"OBJECTID":762,"name":"Stuckagain Heights 1","flag_id":19,"flag_id_zeroed":"19","filename":"Stuckagain_Heights_1_19"}},{"type":"Feature","id":763,"geometry":{"type":"Point","coordinates":[-149.69972584807172,61.151040212441487]},"properties":{"OBJECTID":763,"name":"Stuckagain Heights 1","flag_id":20,"flag_id_zeroed":"20","filename":"Stuckagain_Heights_1_20"}},{"type":"Feature","id":764,"geometry":{"type":"Point","coordinates":[-149.69977165676136,61.151031708363234]},"properties":{"OBJECTID":764,"name":"Stuckagain Heights 1","flag_id":21,"flag_id_zeroed":"21","filename":"Stuckagain_Heights_1_21"}},{"type":"Feature","id":765,"geometry":{"type":"Point","coordinates":[-149.69981906175718,61.151021270709315]},"properties":{"OBJECTID":765,"name":"Stuckagain Heights 1","flag_id":22,"flag_id_zeroed":"22","filename":"Stuckagain_Heights_1_22"}},{"type":"Feature","id":766,"geometry":{"type":"Point","coordinates":[-149.69987266962008,61.151012436345013]},"properties":{"OBJECTID":766,"name":"Stuckagain Heights 1","flag_id":23,"flag_id_zeroed":"23","filename":"Stuckagain_Heights_1_23"}},{"type":"Feature","id":767,"geometry":{"type":"Point","coordinates":[-149.69992357714725,61.151001922832762]},"properties":{"OBJECTID":767,"name":"Stuckagain Heights 1","flag_id":24,"flag_id_zeroed":"24","filename":"Stuckagain_Heights_1_24"}},{"type":"Feature","id":768,"geometry":{"type":"Point","coordinates":[-149.69997001196259,61.150993377133958]},"properties":{"OBJECTID":768,"name":"Stuckagain Heights 1","flag_id":25,"flag_id_zeroed":"25","filename":"Stuckagain_Heights_1_25"}},{"type":"Feature","id":769,"geometry":{"type":"Point","coordinates":[-149.7000188192286,61.150980136844275]},"properties":{"OBJECTID":769,"name":"Stuckagain Heights 1","flag_id":26,"flag_id_zeroed":"26","filename":"Stuckagain_Heights_1_26"}},{"type":"Feature","id":770,"geometry":{"type":"Point","coordinates":[-149.70007297775877,61.150968821023525]},"properties":{"OBJECTID":770,"name":"Stuckagain Heights 1","flag_id":27,"flag_id_zeroed":"27","filename":"Stuckagain_Heights_1_27"}},{"type":"Feature","id":771,"geometry":{"type":"Point","coordinates":[-149.70012656675704,61.150962805740122]},"properties":{"OBJECTID":771,"name":"Stuckagain Heights 1","flag_id":28,"flag_id_zeroed":"28","filename":"Stuckagain_Heights_1_28"}},{"type":"Feature","id":772,"geometry":{"type":"Point","coordinates":[-149.70017399600744,61.150950722290155]},"properties":{"OBJECTID":772,"name":"Stuckagain Heights 1","flag_id":29,"flag_id_zeroed":"29","filename":"Stuckagain_Heights_1_29"}},{"type":"Feature","id":773,"geometry":{"type":"Point","coordinates":[-149.70023048027585,61.150950421915923]},"properties":{"OBJECTID":773,"name":"Stuckagain Heights 1","flag_id":30,"flag_id_zeroed":"30","filename":"Stuckagain_Heights_1_30"}},{"type":"Feature","id":774,"geometry":{"type":"Point","coordinates":[-149.7002849262669,61.150944691832883]},"properties":{"OBJECTID":774,"name":"Stuckagain Heights 1","flag_id":31,"flag_id_zeroed":"31","filename":"Stuckagain_Heights_1_31"}},{"type":"Feature","id":775,"geometry":{"type":"Point","coordinates":[-149.70033853951972,61.150941624374248]},"properties":{"OBJECTID":775,"name":"Stuckagain Heights 1","flag_id":32,"flag_id_zeroed":"32","filename":"Stuckagain_Heights_1_32"}},{"type":"Feature","id":776,"geometry":{"type":"Point","coordinates":[-149.70039287322135,61.150934835394125]},"properties":{"OBJECTID":776,"name":"Stuckagain Heights 1","flag_id":33,"flag_id_zeroed":"33","filename":"Stuckagain_Heights_1_33"}},{"type":"Feature","id":777,"geometry":{"type":"Point","coordinates":[-149.70044768123344,61.150932835498914]},"properties":{"OBJECTID":777,"name":"Stuckagain Heights 1","flag_id":34,"flag_id_zeroed":"34","filename":"Stuckagain_Heights_1_34"}},{"type":"Feature","id":778,"geometry":{"type":"Point","coordinates":[-149.70049421396516,61.150929015586001]},"properties":{"OBJECTID":778,"name":"Stuckagain Heights 1","flag_id":35,"flag_id_zeroed":"35","filename":"Stuckagain_Heights_1_35"}},{"type":"Feature","id":779,"geometry":{"type":"Point","coordinates":[-149.70560152622423,61.151095272608515]},"properties":{"OBJECTID":779,"name":"Stuckagain Heights 2","flag_id":1,"flag_id_zeroed":"01","filename":"Stuckagain_Heights_2_01"}},{"type":"Feature","id":780,"geometry":{"type":"Point","coordinates":[-149.70564196209011,61.151078742128796]},"properties":{"OBJECTID":780,"name":"Stuckagain Heights 2","flag_id":2,"flag_id_zeroed":"02","filename":"Stuckagain_Heights_2_02"}},{"type":"Feature","id":781,"geometry":{"type":"Point","coordinates":[-149.70569180960521,61.151064527504381]},"properties":{"OBJECTID":781,"name":"Stuckagain Heights 2","flag_id":3,"flag_id_zeroed":"03","filename":"Stuckagain_Heights_2_03"}},{"type":"Feature","id":782,"geometry":{"type":"Point","coordinates":[-149.70574341063178,61.151053643852585]},"properties":{"OBJECTID":782,"name":"Stuckagain Heights 2","flag_id":4,"flag_id_zeroed":"04","filename":"Stuckagain_Heights_2_04"}},{"type":"Feature","id":783,"geometry":{"type":"Point","coordinates":[-149.70578888245316,61.151047273598721]},"properties":{"OBJECTID":783,"name":"Stuckagain Heights 2","flag_id":5,"flag_id_zeroed":"05","filename":"Stuckagain_Heights_2_05"}},{"type":"Feature","id":784,"geometry":{"type":"Point","coordinates":[-149.70584655968429,61.151039572685207]},"properties":{"OBJECTID":784,"name":"Stuckagain Heights 2","flag_id":6,"flag_id_zeroed":"06","filename":"Stuckagain_Heights_2_06"}},{"type":"Feature","id":785,"geometry":{"type":"Point","coordinates":[-149.70590613685224,61.15103067070951]},"properties":{"OBJECTID":785,"name":"Stuckagain Heights 2","flag_id":7,"flag_id_zeroed":"07","filename":"Stuckagain_Heights_2_07"}},{"type":"Feature","id":786,"geometry":{"type":"Point","coordinates":[-149.70596654586015,61.151030103337405]},"properties":{"OBJECTID":786,"name":"Stuckagain Heights 2","flag_id":8,"flag_id_zeroed":"08","filename":"Stuckagain_Heights_2_08"}},{"type":"Feature","id":787,"geometry":{"type":"Point","coordinates":[-149.70602043579404,61.151028480973928]},"properties":{"OBJECTID":787,"name":"Stuckagain Heights 2","flag_id":9,"flag_id_zeroed":"09","filename":"Stuckagain_Heights_2_09"}},{"type":"Feature","id":788,"geometry":{"type":"Point","coordinates":[-149.70609367723577,61.151029978506891]},"properties":{"OBJECTID":788,"name":"Stuckagain Heights 2","flag_id":10,"flag_id_zeroed":"10","filename":"Stuckagain_Heights_2_10"}},{"type":"Feature","id":789,"geometry":{"type":"Point","coordinates":[-149.70612528805233,61.151031193003888]},"properties":{"OBJECTID":789,"name":"Stuckagain Heights 2","flag_id":11,"flag_id_zeroed":"11","filename":"Stuckagain_Heights_2_11"}},{"type":"Feature","id":790,"geometry":{"type":"Point","coordinates":[-149.70618420765351,61.151032308676683]},"properties":{"OBJECTID":790,"name":"Stuckagain Heights 2","flag_id":12,"flag_id_zeroed":"12","filename":"Stuckagain_Heights_2_12"}},{"type":"Feature","id":791,"geometry":{"type":"Point","coordinates":[-149.70624422948751,61.151034797051665]},"properties":{"OBJECTID":791,"name":"Stuckagain Heights 2","flag_id":13,"flag_id_zeroed":"13","filename":"Stuckagain_Heights_2_13"}},{"type":"Feature","id":792,"geometry":{"type":"Point","coordinates":[-149.70629603622828,61.15103908810017]},"properties":{"OBJECTID":792,"name":"Stuckagain Heights 2","flag_id":14,"flag_id_zeroed":"14","filename":"Stuckagain_Heights_2_14"}},{"type":"Feature","id":793,"geometry":{"type":"Point","coordinates":[-149.70634794986853,61.151043748004845]},"properties":{"OBJECTID":793,"name":"Stuckagain Heights 2","flag_id":15,"flag_id_zeroed":"15","filename":"Stuckagain_Heights_2_15"}},{"type":"Feature","id":794,"geometry":{"type":"Point","coordinates":[-149.70640533245228,61.151037254652259]},"properties":{"OBJECTID":794,"name":"Stuckagain Heights 2","flag_id":16,"flag_id_zeroed":"16","filename":"Stuckagain_Heights_2_16"}},{"type":"Feature","id":795,"geometry":{"type":"Point","coordinates":[-149.70645626153899,61.151031978395928]},"properties":{"OBJECTID":795,"name":"Stuckagain Heights 2","flag_id":17,"flag_id_zeroed":"17","filename":"Stuckagain_Heights_2_17"}},{"type":"Feature","id":796,"geometry":{"type":"Point","coordinates":[-149.7065083952665,61.151025668819223]},"properties":{"OBJECTID":796,"name":"Stuckagain Heights 2","flag_id":18,"flag_id_zeroed":"18","filename":"Stuckagain_Heights_2_18"}},{"type":"Feature","id":797,"geometry":{"type":"Point","coordinates":[-149.70655664647535,61.151012621857156]},"properties":{"OBJECTID":797,"name":"Stuckagain Heights 2","flag_id":19,"flag_id_zeroed":"19","filename":"Stuckagain_Heights_2_19"}},{"type":"Feature","id":798,"geometry":{"type":"Point","coordinates":[-149.70660377658672,61.150998153207247]},"properties":{"OBJECTID":798,"name":"Stuckagain Heights 2","flag_id":20,"flag_id_zeroed":"20","filename":"Stuckagain_Heights_2_20"}},{"type":"Feature","id":799,"geometry":{"type":"Point","coordinates":[-149.70665041711626,61.150989650417991]},"properties":{"OBJECTID":799,"name":"Stuckagain Heights 2","flag_id":21,"flag_id_zeroed":"21","filename":"Stuckagain_Heights_2_21"}},{"type":"Feature","id":800,"geometry":{"type":"Point","coordinates":[-149.70669664172584,61.150978481970235]},"properties":{"OBJECTID":800,"name":"Stuckagain Heights 2","flag_id":22,"flag_id_zeroed":"22","filename":"Stuckagain_Heights_2_22"}},{"type":"Feature","id":801,"geometry":{"type":"Point","coordinates":[-149.70674359576742,61.150966936425569]},"properties":{"OBJECTID":801,"name":"Stuckagain Heights 2","flag_id":23,"flag_id_zeroed":"23","filename":"Stuckagain_Heights_2_23"}},{"type":"Feature","id":802,"geometry":{"type":"Point","coordinates":[-149.70678558212552,61.150955510506222]},"properties":{"OBJECTID":802,"name":"Stuckagain Heights 2","flag_id":24,"flag_id_zeroed":"24","filename":"Stuckagain_Heights_2_24"}},{"type":"Feature","id":803,"geometry":{"type":"Point","coordinates":[-149.70681869762012,61.150942057814795]},"properties":{"OBJECTID":803,"name":"Stuckagain Heights 2","flag_id":25,"flag_id_zeroed":"25","filename":"Stuckagain_Heights_2_25"}},{"type":"Feature","id":804,"geometry":{"type":"Point","coordinates":[-149.70687496000468,61.150929571690462]},"properties":{"OBJECTID":804,"name":"Stuckagain Heights 2","flag_id":26,"flag_id_zeroed":"26","filename":"Stuckagain_Heights_2_26"}},{"type":"Feature","id":805,"geometry":{"type":"Point","coordinates":[-149.7069271808688,61.15092304710663]},"properties":{"OBJECTID":805,"name":"Stuckagain Heights 2","flag_id":27,"flag_id_zeroed":"27","filename":"Stuckagain_Heights_2_27"}},{"type":"Feature","id":806,"geometry":{"type":"Point","coordinates":[-149.70697815756623,61.150919131835551]},"properties":{"OBJECTID":806,"name":"Stuckagain Heights 2","flag_id":28,"flag_id_zeroed":"28","filename":"Stuckagain_Heights_2_28"}},{"type":"Feature","id":807,"geometry":{"type":"Point","coordinates":[-149.70703298803619,61.150911120547072]},"properties":{"OBJECTID":807,"name":"Stuckagain Heights 2","flag_id":29,"flag_id_zeroed":"29","filename":"Stuckagain_Heights_2_29"}},{"type":"Feature","id":808,"geometry":{"type":"Point","coordinates":[-149.7070842432114,61.150903941896864]},"properties":{"OBJECTID":808,"name":"Stuckagain Heights 2","flag_id":30,"flag_id_zeroed":"30","filename":"Stuckagain_Heights_2_30"}},{"type":"Feature","id":809,"geometry":{"type":"Point","coordinates":[-149.70714382936251,61.150894188604369]},"properties":{"OBJECTID":809,"name":"Stuckagain Heights 2","flag_id":31,"flag_id_zeroed":"31","filename":"Stuckagain_Heights_2_31"}},{"type":"Feature","id":810,"geometry":{"type":"Point","coordinates":[-149.70719844513513,61.150886612918079]},"properties":{"OBJECTID":810,"name":"Stuckagain Heights 2","flag_id":32,"flag_id_zeroed":"32","filename":"Stuckagain_Heights_2_32"}},{"type":"Feature","id":811,"geometry":{"type":"Point","coordinates":[-149.79901229846095,61.148805716129516]},"properties":{"OBJECTID":811,"name":"Abbott Loop Northwest","flag_id":1,"flag_id_zeroed":"01","filename":"Abbott_Loop_Northwest_01"}},{"type":"Feature","id":812,"geometry":{"type":"Point","coordinates":[-149.79896818758723,61.148824214884932]},"properties":{"OBJECTID":812,"name":"Abbott Loop Northwest","flag_id":2,"flag_id_zeroed":"02","filename":"Abbott_Loop_Northwest_02"}},{"type":"Feature","id":813,"geometry":{"type":"Point","coordinates":[-149.79892580058058,61.148840762150328]},"properties":{"OBJECTID":813,"name":"Abbott Loop Northwest","flag_id":3,"flag_id_zeroed":"03","filename":"Abbott_Loop_Northwest_03"}},{"type":"Feature","id":814,"geometry":{"type":"Point","coordinates":[-149.7988767202267,61.148860194144284]},"properties":{"OBJECTID":814,"name":"Abbott Loop Northwest","flag_id":4,"flag_id_zeroed":"04","filename":"Abbott_Loop_Northwest_04"}},{"type":"Feature","id":815,"geometry":{"type":"Point","coordinates":[-149.79883317439331,61.148875400671407]},"properties":{"OBJECTID":815,"name":"Abbott Loop Northwest","flag_id":5,"flag_id_zeroed":"05","filename":"Abbott_Loop_Northwest_05"}},{"type":"Feature","id":816,"geometry":{"type":"Point","coordinates":[-149.79879167761706,61.148884509152687]},"properties":{"OBJECTID":816,"name":"Abbott Loop Northwest","flag_id":6,"flag_id_zeroed":"06","filename":"Abbott_Loop_Northwest_06"}},{"type":"Feature","id":817,"geometry":{"type":"Point","coordinates":[-149.79873998586069,61.148903010029294]},"properties":{"OBJECTID":817,"name":"Abbott Loop Northwest","flag_id":7,"flag_id_zeroed":"07","filename":"Abbott_Loop_Northwest_07"}},{"type":"Feature","id":818,"geometry":{"type":"Point","coordinates":[-149.79869208319815,61.148918518663237]},"properties":{"OBJECTID":818,"name":"Abbott Loop Northwest","flag_id":8,"flag_id_zeroed":"08","filename":"Abbott_Loop_Northwest_08"}},{"type":"Feature","id":819,"geometry":{"type":"Point","coordinates":[-149.79864672186957,61.148933631966663]},"properties":{"OBJECTID":819,"name":"Abbott Loop Northwest","flag_id":9,"flag_id_zeroed":"09","filename":"Abbott_Loop_Northwest_09"}},{"type":"Feature","id":820,"geometry":{"type":"Point","coordinates":[-149.79860317873113,61.148950950314074]},"properties":{"OBJECTID":820,"name":"Abbott Loop Northwest","flag_id":10,"flag_id_zeroed":"10","filename":"Abbott_Loop_Northwest_10"}},{"type":"Feature","id":821,"geometry":{"type":"Point","coordinates":[-149.7985677842106,61.148968620194232]},"properties":{"OBJECTID":821,"name":"Abbott Loop Northwest","flag_id":11,"flag_id_zeroed":"11","filename":"Abbott_Loop_Northwest_11"}},{"type":"Feature","id":822,"geometry":{"type":"Point","coordinates":[-149.79853112755711,61.148991448759666]},"properties":{"OBJECTID":822,"name":"Abbott Loop Northwest","flag_id":12,"flag_id_zeroed":"12","filename":"Abbott_Loop_Northwest_12"}},{"type":"Feature","id":823,"geometry":{"type":"Point","coordinates":[-149.79850597203423,61.14901556297179]},"properties":{"OBJECTID":823,"name":"Abbott Loop Northwest","flag_id":13,"flag_id_zeroed":"13","filename":"Abbott_Loop_Northwest_13"}},{"type":"Feature","id":824,"geometry":{"type":"Point","coordinates":[-149.7984842714319,61.149037809791011]},"properties":{"OBJECTID":824,"name":"Abbott Loop Northwest","flag_id":14,"flag_id_zeroed":"14","filename":"Abbott_Loop_Northwest_14"}},{"type":"Feature","id":825,"geometry":{"type":"Point","coordinates":[-149.79845445365268,61.149060204406553]},"properties":{"OBJECTID":825,"name":"Abbott Loop Northwest","flag_id":15,"flag_id_zeroed":"15","filename":"Abbott_Loop_Northwest_15"}},{"type":"Feature","id":826,"geometry":{"type":"Point","coordinates":[-149.79841756882715,61.149078039376164]},"properties":{"OBJECTID":826,"name":"Abbott Loop Northwest","flag_id":16,"flag_id_zeroed":"16","filename":"Abbott_Loop_Northwest_16"}},{"type":"Feature","id":827,"geometry":{"type":"Point","coordinates":[-149.79836890529154,61.149095299126472]},"properties":{"OBJECTID":827,"name":"Abbott Loop Northwest","flag_id":17,"flag_id_zeroed":"17","filename":"Abbott_Loop_Northwest_17"}},{"type":"Feature","id":828,"geometry":{"type":"Point","coordinates":[-149.79832675903336,61.149113354276786]},"properties":{"OBJECTID":828,"name":"Abbott Loop Northwest","flag_id":18,"flag_id_zeroed":"18","filename":"Abbott_Loop_Northwest_18"}},{"type":"Feature","id":829,"geometry":{"type":"Point","coordinates":[-149.79828858153209,61.149132591043497]},"properties":{"OBJECTID":829,"name":"Abbott Loop Northwest","flag_id":19,"flag_id_zeroed":"19","filename":"Abbott_Loop_Northwest_19"}},{"type":"Feature","id":830,"geometry":{"type":"Point","coordinates":[-149.79824862985816,61.149151096542823]},"properties":{"OBJECTID":830,"name":"Abbott Loop Northwest","flag_id":20,"flag_id_zeroed":"20","filename":"Abbott_Loop_Northwest_20"}},{"type":"Feature","id":831,"geometry":{"type":"Point","coordinates":[-149.79822060242128,61.149171993456932]},"properties":{"OBJECTID":831,"name":"Abbott Loop Northwest","flag_id":21,"flag_id_zeroed":"21","filename":"Abbott_Loop_Northwest_21"}},{"type":"Feature","id":832,"geometry":{"type":"Point","coordinates":[-149.79818948298322,61.14918929043381]},"properties":{"OBJECTID":832,"name":"Abbott Loop Northwest","flag_id":22,"flag_id_zeroed":"22","filename":"Abbott_Loop_Northwest_22"}},{"type":"Feature","id":833,"geometry":{"type":"Point","coordinates":[-149.79815158216306,61.14920425102811]},"properties":{"OBJECTID":833,"name":"Abbott Loop Northwest","flag_id":23,"flag_id_zeroed":"23","filename":"Abbott_Loop_Northwest_23"}},{"type":"Feature","id":834,"geometry":{"type":"Point","coordinates":[-149.79811586065577,61.149222870919928]},"properties":{"OBJECTID":834,"name":"Abbott Loop Northwest","flag_id":24,"flag_id_zeroed":"24","filename":"Abbott_Loop_Northwest_24"}},{"type":"Feature","id":835,"geometry":{"type":"Point","coordinates":[-149.79808692232723,61.14924218607684]},"properties":{"OBJECTID":835,"name":"Abbott Loop Northwest","flag_id":25,"flag_id_zeroed":"25","filename":"Abbott_Loop_Northwest_25"}},{"type":"Feature","id":836,"geometry":{"type":"Point","coordinates":[-149.79804946527483,61.149259221636683]},"properties":{"OBJECTID":836,"name":"Abbott Loop Northwest","flag_id":26,"flag_id_zeroed":"26","filename":"Abbott_Loop_Northwest_26"}},{"type":"Feature","id":837,"geometry":{"type":"Point","coordinates":[-149.79801466813399,61.14927613104944]},"properties":{"OBJECTID":837,"name":"Abbott Loop Northwest","flag_id":27,"flag_id_zeroed":"27","filename":"Abbott_Loop_Northwest_27"}},{"type":"Feature","id":838,"geometry":{"type":"Point","coordinates":[-149.79797417208098,61.149290980635953]},"properties":{"OBJECTID":838,"name":"Abbott Loop Northwest","flag_id":28,"flag_id_zeroed":"28","filename":"Abbott_Loop_Northwest_28"}},{"type":"Feature","id":839,"geometry":{"type":"Point","coordinates":[-149.79793669796058,61.149304305292581]},"properties":{"OBJECTID":839,"name":"Abbott Loop Northwest","flag_id":29,"flag_id_zeroed":"29","filename":"Abbott_Loop_Northwest_29"}},{"type":"Feature","id":840,"geometry":{"type":"Point","coordinates":[-149.79788972325775,61.149319776451577]},"properties":{"OBJECTID":840,"name":"Abbott Loop Northwest","flag_id":30,"flag_id_zeroed":"30","filename":"Abbott_Loop_Northwest_30"}},{"type":"Feature","id":841,"geometry":{"type":"Point","coordinates":[-149.79539610692854,61.150442265698096]},"properties":{"OBJECTID":841,"name":"Abbott Loop Northeast","flag_id":1,"flag_id_zeroed":"01","filename":"Abbott_Loop_Northeast_01"}},{"type":"Feature","id":842,"geometry":{"type":"Point","coordinates":[-149.79541858726853,61.150426663754658]},"properties":{"OBJECTID":842,"name":"Abbott Loop Northeast","flag_id":2,"flag_id_zeroed":"02","filename":"Abbott_Loop_Northeast_02"}},{"type":"Feature","id":843,"geometry":{"type":"Point","coordinates":[-149.79545766847497,61.150406267003127]},"properties":{"OBJECTID":843,"name":"Abbott Loop Northeast","flag_id":3,"flag_id_zeroed":"03","filename":"Abbott_Loop_Northeast_03"}},{"type":"Feature","id":844,"geometry":{"type":"Point","coordinates":[-149.79549910955566,61.150386738868576]},"properties":{"OBJECTID":844,"name":"Abbott Loop Northeast","flag_id":4,"flag_id_zeroed":"04","filename":"Abbott_Loop_Northeast_04"}},{"type":"Feature","id":845,"geometry":{"type":"Point","coordinates":[-149.79553491909783,61.150369218455069]},"properties":{"OBJECTID":845,"name":"Abbott Loop Northeast","flag_id":5,"flag_id_zeroed":"05","filename":"Abbott_Loop_Northeast_05"}},{"type":"Feature","id":846,"geometry":{"type":"Point","coordinates":[-149.79557354036683,61.15035240411968]},"properties":{"OBJECTID":846,"name":"Abbott Loop Northeast","flag_id":6,"flag_id_zeroed":"06","filename":"Abbott_Loop_Northeast_06"}},{"type":"Feature","id":847,"geometry":{"type":"Point","coordinates":[-149.79560556800166,61.150333211874717]},"properties":{"OBJECTID":847,"name":"Abbott Loop Northeast","flag_id":7,"flag_id_zeroed":"07","filename":"Abbott_Loop_Northeast_07"}},{"type":"Feature","id":848,"geometry":{"type":"Point","coordinates":[-149.79565209624181,61.150317309930593]},"properties":{"OBJECTID":848,"name":"Abbott Loop Northeast","flag_id":8,"flag_id_zeroed":"08","filename":"Abbott_Loop_Northeast_08"}},{"type":"Feature","id":849,"geometry":{"type":"Point","coordinates":[-149.79569223925691,61.150307999008504]},"properties":{"OBJECTID":849,"name":"Abbott Loop Northeast","flag_id":9,"flag_id_zeroed":"09","filename":"Abbott_Loop_Northeast_09"}},{"type":"Feature","id":850,"geometry":{"type":"Point","coordinates":[-149.7957285213129,61.150295381298157]},"properties":{"OBJECTID":850,"name":"Abbott Loop Northeast","flag_id":10,"flag_id_zeroed":"10","filename":"Abbott_Loop_Northeast_10"}},{"type":"Feature","id":851,"geometry":{"type":"Point","coordinates":[-149.79577306697124,61.150273557545319]},"properties":{"OBJECTID":851,"name":"Abbott Loop Northeast","flag_id":11,"flag_id_zeroed":"11","filename":"Abbott_Loop_Northeast_11"}},{"type":"Feature","id":852,"geometry":{"type":"Point","coordinates":[-149.79581759106998,61.150253605848015]},"properties":{"OBJECTID":852,"name":"Abbott Loop Northeast","flag_id":12,"flag_id_zeroed":"12","filename":"Abbott_Loop_Northeast_12"}},{"type":"Feature","id":853,"geometry":{"type":"Point","coordinates":[-149.79585891357303,61.150237392646531]},"properties":{"OBJECTID":853,"name":"Abbott Loop Northeast","flag_id":13,"flag_id_zeroed":"13","filename":"Abbott_Loop_Northeast_13"}},{"type":"Feature","id":854,"geometry":{"type":"Point","coordinates":[-149.79590316638055,61.150224572053176]},"properties":{"OBJECTID":854,"name":"Abbott Loop Northeast","flag_id":14,"flag_id_zeroed":"14","filename":"Abbott_Loop_Northeast_14"}},{"type":"Feature","id":855,"geometry":{"type":"Point","coordinates":[-149.79594716586317,61.150211116882922]},"properties":{"OBJECTID":855,"name":"Abbott Loop Northeast","flag_id":15,"flag_id_zeroed":"15","filename":"Abbott_Loop_Northeast_15"}},{"type":"Feature","id":856,"geometry":{"type":"Point","coordinates":[-149.79599177530187,61.150196341849359]},"properties":{"OBJECTID":856,"name":"Abbott Loop Northeast","flag_id":16,"flag_id_zeroed":"16","filename":"Abbott_Loop_Northeast_16"}},{"type":"Feature","id":857,"geometry":{"type":"Point","coordinates":[-149.79604037505706,61.150185069526145]},"properties":{"OBJECTID":857,"name":"Abbott Loop Northeast","flag_id":17,"flag_id_zeroed":"17","filename":"Abbott_Loop_Northeast_17"}},{"type":"Feature","id":858,"geometry":{"type":"Point","coordinates":[-149.7960893664777,61.150172542357936]},"properties":{"OBJECTID":858,"name":"Abbott Loop Northeast","flag_id":18,"flag_id_zeroed":"18","filename":"Abbott_Loop_Northeast_18"}},{"type":"Feature","id":859,"geometry":{"type":"Point","coordinates":[-149.79613852588329,61.150163892839736]},"properties":{"OBJECTID":859,"name":"Abbott Loop Northeast","flag_id":19,"flag_id_zeroed":"19","filename":"Abbott_Loop_Northeast_19"}},{"type":"Feature","id":860,"geometry":{"type":"Point","coordinates":[-149.7961909812077,61.1501610493995]},"properties":{"OBJECTID":860,"name":"Abbott Loop Northeast","flag_id":20,"flag_id_zeroed":"20","filename":"Abbott_Loop_Northeast_20"}},{"type":"Feature","id":861,"geometry":{"type":"Point","coordinates":[-149.79623632995987,61.150153340034215]},"properties":{"OBJECTID":861,"name":"Abbott Loop Northeast","flag_id":21,"flag_id_zeroed":"21","filename":"Abbott_Loop_Northeast_21"}},{"type":"Feature","id":862,"geometry":{"type":"Point","coordinates":[-149.79628456949061,61.150139767368245]},"properties":{"OBJECTID":862,"name":"Abbott Loop Northeast","flag_id":22,"flag_id_zeroed":"22","filename":"Abbott_Loop_Northeast_22"}},{"type":"Feature","id":863,"geometry":{"type":"Point","coordinates":[-149.79632762753883,61.150129710856888]},"properties":{"OBJECTID":863,"name":"Abbott Loop Northeast","flag_id":23,"flag_id_zeroed":"23","filename":"Abbott_Loop_Northeast_23"}},{"type":"Feature","id":864,"geometry":{"type":"Point","coordinates":[-149.79637095867486,61.150115409548128]},"properties":{"OBJECTID":864,"name":"Abbott Loop Northeast","flag_id":24,"flag_id_zeroed":"24","filename":"Abbott_Loop_Northeast_24"}},{"type":"Feature","id":865,"geometry":{"type":"Point","coordinates":[-149.79641438772728,61.150103995457179]},"properties":{"OBJECTID":865,"name":"Abbott Loop Northeast","flag_id":25,"flag_id_zeroed":"25","filename":"Abbott_Loop_Northeast_25"}},{"type":"Feature","id":866,"geometry":{"type":"Point","coordinates":[-149.79646060694697,61.150094358516121]},"properties":{"OBJECTID":866,"name":"Abbott Loop Northeast","flag_id":26,"flag_id_zeroed":"26","filename":"Abbott_Loop_Northeast_26"}},{"type":"Feature","id":867,"geometry":{"type":"Point","coordinates":[-149.79651028827377,61.150083659613919]},"properties":{"OBJECTID":867,"name":"Abbott Loop Northeast","flag_id":27,"flag_id_zeroed":"27","filename":"Abbott_Loop_Northeast_27"}},{"type":"Feature","id":868,"geometry":{"type":"Point","coordinates":[-149.79656179138394,61.150072467005721]},"properties":{"OBJECTID":868,"name":"Abbott Loop Northeast","flag_id":28,"flag_id_zeroed":"28","filename":"Abbott_Loop_Northeast_28"}},{"type":"Feature","id":869,"geometry":{"type":"Point","coordinates":[-149.79661575767463,61.150062793645006]},"properties":{"OBJECTID":869,"name":"Abbott Loop Northeast","flag_id":29,"flag_id_zeroed":"29","filename":"Abbott_Loop_Northeast_29"}},{"type":"Feature","id":870,"geometry":{"type":"Point","coordinates":[-149.79667256533656,61.150049293326745]},"properties":{"OBJECTID":870,"name":"Abbott Loop Northeast","flag_id":30,"flag_id_zeroed":"30","filename":"Abbott_Loop_Northeast_30"}},{"type":"Feature","id":872,"geometry":{"type":"Point","coordinates":[-149.90268100299568,61.134752499998932]},"properties":{"OBJECTID":872,"name":"100th Street Fire","flag_id":1,"flag_id_zeroed":"01","filename":"100th_Street_Fire_01"}},{"type":"Feature","id":873,"geometry":{"type":"Point","coordinates":[-149.90268097065632,61.134723598524552]},"properties":{"OBJECTID":873,"name":"100th Street Fire","flag_id":2,"flag_id_zeroed":"02","filename":"100th_Street_Fire_02"}},{"type":"Feature","id":874,"geometry":{"type":"Point","coordinates":[-149.90267700010276,61.134697839350352]},"properties":{"OBJECTID":874,"name":"100th Street Fire","flag_id":3,"flag_id_zeroed":"03","filename":"100th_Street_Fire_03"}},{"type":"Feature","id":875,"geometry":{"type":"Point","coordinates":[-149.90265795312376,61.134679435528788]},"properties":{"OBJECTID":875,"name":"100th Street Fire","flag_id":4,"flag_id_zeroed":"04","filename":"100th_Street_Fire_04"}},{"type":"Feature","id":876,"geometry":{"type":"Point","coordinates":[-149.90264796295952,61.134650033538975]},"properties":{"OBJECTID":876,"name":"100th Street Fire","flag_id":5,"flag_id_zeroed":"05","filename":"100th_Street_Fire_05"}},{"type":"Feature","id":877,"geometry":{"type":"Point","coordinates":[-149.90262051942756,61.134627393654242]},"properties":{"OBJECTID":877,"name":"100th Street Fire","flag_id":6,"flag_id_zeroed":"06","filename":"100th_Street_Fire_06"}},{"type":"Feature","id":878,"geometry":{"type":"Point","coordinates":[-149.90260215247326,61.134604246365356]},"properties":{"OBJECTID":878,"name":"100th Street Fire","flag_id":7,"flag_id_zeroed":"07","filename":"100th_Street_Fire_07"}},{"type":"Feature","id":879,"geometry":{"type":"Point","coordinates":[-149.90258066477168,61.134584391879294]},"properties":{"OBJECTID":879,"name":"100th Street Fire","flag_id":8,"flag_id_zeroed":"08","filename":"100th_Street_Fire_08"}},{"type":"Feature","id":880,"geometry":{"type":"Point","coordinates":[-149.90258060188961,61.134564393837479]},"properties":{"OBJECTID":880,"name":"100th Street Fire","flag_id":9,"flag_id_zeroed":"09","filename":"100th_Street_Fire_09"}},{"type":"Feature","id":881,"geometry":{"type":"Point","coordinates":[-149.90254492889136,61.134542348447113]},"properties":{"OBJECTID":881,"name":"100th Street Fire","flag_id":10,"flag_id_zeroed":"10","filename":"100th_Street_Fire_10"}},{"type":"Feature","id":882,"geometry":{"type":"Point","coordinates":[-149.90253581548279,61.134519900599265]},"properties":{"OBJECTID":882,"name":"100th Street Fire","flag_id":11,"flag_id_zeroed":"11","filename":"100th_Street_Fire_11"}},{"type":"Feature","id":883,"geometry":{"type":"Point","coordinates":[-149.90250846178239,61.134499562522215]},"properties":{"OBJECTID":883,"name":"100th Street Fire","flag_id":12,"flag_id_zeroed":"12","filename":"100th_Street_Fire_12"}},{"type":"Feature","id":884,"geometry":{"type":"Point","coordinates":[-149.90248073797611,61.134475748593999]},"properties":{"OBJECTID":884,"name":"100th Street Fire","flag_id":13,"flag_id_zeroed":"13","filename":"100th_Street_Fire_13"}},{"type":"Feature","id":885,"geometry":{"type":"Point","coordinates":[-149.90244476853383,61.134453614240016]},"properties":{"OBJECTID":885,"name":"100th Street Fire","flag_id":14,"flag_id_zeroed":"14","filename":"100th_Street_Fire_14"}},{"type":"Feature","id":886,"geometry":{"type":"Point","coordinates":[-149.90240792143749,61.134438596349554]},"properties":{"OBJECTID":886,"name":"100th Street Fire","flag_id":15,"flag_id_zeroed":"15","filename":"100th_Street_Fire_15"}},{"type":"Feature","id":887,"geometry":{"type":"Point","coordinates":[-149.9024291504243,61.134416101158223]},"properties":{"OBJECTID":887,"name":"100th Street Fire","flag_id":16,"flag_id_zeroed":"16","filename":"100th_Street_Fire_16"}},{"type":"Feature","id":888,"geometry":{"type":"Point","coordinates":[-149.9024645036223,61.134397047104528]},"properties":{"OBJECTID":888,"name":"100th Street Fire","flag_id":17,"flag_id_zeroed":"17","filename":"100th_Street_Fire_17"}},{"type":"Feature","id":889,"geometry":{"type":"Point","coordinates":[-149.9024839126223,61.134371128507837]},"properties":{"OBJECTID":889,"name":"100th Street Fire","flag_id":18,"flag_id_zeroed":"18","filename":"100th_Street_Fire_18"}},{"type":"Feature","id":890,"geometry":{"type":"Point","coordinates":[-149.90249119795928,61.134351370149588]},"properties":{"OBJECTID":890,"name":"100th Street Fire","flag_id":19,"flag_id_zeroed":"19","filename":"100th_Street_Fire_19"}},{"type":"Feature","id":891,"geometry":{"type":"Point","coordinates":[-149.9024957784689,61.134327563048352]},"properties":{"OBJECTID":891,"name":"100th Street Fire","flag_id":20,"flag_id_zeroed":"20","filename":"100th_Street_Fire_20"}},{"type":"Feature","id":892,"geometry":{"type":"Point","coordinates":[-149.90246237371676,61.134304230363071]},"properties":{"OBJECTID":892,"name":"100th Street Fire","flag_id":21,"flag_id_zeroed":"21","filename":"100th_Street_Fire_21"}},{"type":"Feature","id":893,"geometry":{"type":"Point","coordinates":[-149.90243267092188,61.134282734683808]},"properties":{"OBJECTID":893,"name":"100th Street Fire","flag_id":22,"flag_id_zeroed":"22","filename":"100th_Street_Fire_22"}},{"type":"Feature","id":894,"geometry":{"type":"Point","coordinates":[-149.90241565593209,61.134264077790966]},"properties":{"OBJECTID":894,"name":"100th Street Fire","flag_id":23,"flag_id_zeroed":"23","filename":"100th_Street_Fire_23"}},{"type":"Feature","id":895,"geometry":{"type":"Point","coordinates":[-149.90239271655298,61.134235013677078]},"properties":{"OBJECTID":895,"name":"100th Street Fire","flag_id":24,"flag_id_zeroed":"24","filename":"100th_Street_Fire_24"}},{"type":"Feature","id":896,"geometry":{"type":"Point","coordinates":[-149.90235375482249,61.134215787780725]},"properties":{"OBJECTID":896,"name":"100th Street Fire","flag_id":25,"flag_id_zeroed":"25","filename":"100th_Street_Fire_25"}},{"type":"Feature","id":897,"geometry":{"type":"Point","coordinates":[-149.90233949945727,61.134191395989369]},"properties":{"OBJECTID":897,"name":"100th Street Fire","flag_id":26,"flag_id_zeroed":"26","filename":"100th_Street_Fire_26"}},{"type":"Feature","id":898,"geometry":{"type":"Point","coordinates":[-149.90233896855293,61.134164569984328]},"properties":{"OBJECTID":898,"name":"100th Street Fire","flag_id":27,"flag_id_zeroed":"27","filename":"100th_Street_Fire_27"}},{"type":"Feature","id":899,"geometry":{"type":"Point","coordinates":[-149.90230441305889,61.134145929501216]},"properties":{"OBJECTID":899,"name":"100th Street Fire","flag_id":28,"flag_id_zeroed":"28","filename":"100th_Street_Fire_28"}},{"type":"Feature","id":900,"geometry":{"type":"Point","coordinates":[-149.90227608019481,61.134130366339541]},"properties":{"OBJECTID":900,"name":"100th Street Fire","flag_id":29,"flag_id_zeroed":"29","filename":"100th_Street_Fire_29"}},{"type":"Feature","id":901,"geometry":{"type":"Point","coordinates":[-149.90222596857501,61.134118728765337]},"properties":{"OBJECTID":901,"name":"100th Street Fire","flag_id":30,"flag_id_zeroed":"30","filename":"100th_Street_Fire_30"}},{"type":"Feature","id":902,"geometry":{"type":"Point","coordinates":[-149.9021743585653,61.134113672588214]},"properties":{"OBJECTID":902,"name":"100th Street Fire","flag_id":31,"flag_id_zeroed":"31","filename":"100th_Street_Fire_31"}},{"type":"Feature","id":903,"geometry":{"type":"Point","coordinates":[-149.90211783566932,61.134110208852732]},"properties":{"OBJECTID":903,"name":"100th Street Fire","flag_id":32,"flag_id_zeroed":"32","filename":"100th_Street_Fire_32"}},{"type":"Feature","id":905,"geometry":{"type":"Point","coordinates":[-149.90201849008372,61.134088396027195]},"properties":{"OBJECTID":905,"name":"100th Street Fire","flag_id":33,"flag_id_zeroed":"33","filename":"100th_Street_Fire_33"}},{"type":"Feature","id":906,"geometry":{"type":"Point","coordinates":[-149.90198539525036,61.13407091557233]},"properties":{"OBJECTID":906,"name":"100th Street Fire","flag_id":34,"flag_id_zeroed":"34","filename":"100th_Street_Fire_34"}},{"type":"Feature","id":907,"geometry":{"type":"Point","coordinates":[-149.9019376740475,61.134058288769545]},"properties":{"OBJECTID":907,"name":"100th Street Fire","flag_id":35,"flag_id_zeroed":"35","filename":"100th_Street_Fire_35"}},{"type":"Feature","id":908,"geometry":{"type":"Point","coordinates":[-149.90189645395239,61.134045487191692]},"properties":{"OBJECTID":908,"name":"100th Street Fire","flag_id":36,"flag_id_zeroed":"36","filename":"100th_Street_Fire_36"}},{"type":"Feature","id":909,"geometry":{"type":"Point","coordinates":[-149.90186549890601,61.13403283088897]},"properties":{"OBJECTID":909,"name":"100th Street Fire","flag_id":37,"flag_id_zeroed":"37","filename":"100th_Street_Fire_37"}},{"type":"Feature","id":910,"geometry":{"type":"Point","coordinates":[-149.90181741208883,61.134017594660939]},"properties":{"OBJECTID":910,"name":"100th Street Fire","flag_id":38,"flag_id_zeroed":"38","filename":"100th_Street_Fire_38"}},{"type":"Feature","id":911,"geometry":{"type":"Point","coordinates":[-149.90176185218684,61.134017397339768]},"properties":{"OBJECTID":911,"name":"100th Street Fire","flag_id":39,"flag_id_zeroed":"39","filename":"100th_Street_Fire_39"}},{"type":"Feature","id":912,"geometry":{"type":"Point","coordinates":[-149.90171345634923,61.134020376239114]},"properties":{"OBJECTID":912,"name":"100th Street Fire","flag_id":40,"flag_id_zeroed":"40","filename":"100th_Street_Fire_40"}},{"type":"Feature","id":913,"geometry":{"type":"Point","coordinates":[-149.90165907593519,61.134021461288732]},"properties":{"OBJECTID":913,"name":"100th Street Fire","flag_id":41,"flag_id_zeroed":"41","filename":"100th_Street_Fire_41"}},{"type":"Feature","id":914,"geometry":{"type":"Point","coordinates":[-149.90160011501152,61.134018760373834]},"properties":{"OBJECTID":914,"name":"100th Street Fire","flag_id":42,"flag_id_zeroed":"42","filename":"100th_Street_Fire_42"}},{"type":"Feature","id":915,"geometry":{"type":"Point","coordinates":[-149.90155272708364,61.134024141820767]},"properties":{"OBJECTID":915,"name":"100th Street Fire","flag_id":43,"flag_id_zeroed":"43","filename":"100th_Street_Fire_43"}},{"type":"Feature","id":916,"geometry":{"type":"Point","coordinates":[-149.74706178055266,61.138887675142307]},"properties":{"OBJECTID":916,"name":"Hilltop 2","flag_id":1,"flag_id_zeroed":"01","filename":"Hilltop2_01"}},{"type":"Feature","id":917,"geometry":{"type":"Point","coordinates":[-149.74704698260499,61.138915356542199]},"properties":{"OBJECTID":917,"name":"Hilltop 2","flag_id":2,"flag_id_zeroed":"02","filename":"Hilltop2_02"}},{"type":"Feature","id":918,"geometry":{"type":"Point","coordinates":[-149.74701827065186,61.138931913337849]},"properties":{"OBJECTID":918,"name":"Hilltop 2","flag_id":3,"flag_id_zeroed":"03","filename":"Hilltop2_03"}},{"type":"Feature","id":919,"geometry":{"type":"Point","coordinates":[-149.74699039413198,61.138955805423876]},"properties":{"OBJECTID":919,"name":"Hilltop 2","flag_id":4,"flag_id_zeroed":"04","filename":"Hilltop2_04"}},{"type":"Feature","id":920,"geometry":{"type":"Point","coordinates":[-149.74696098688284,61.138979848386278]},"properties":{"OBJECTID":920,"name":"Hilltop 2","flag_id":5,"flag_id_zeroed":"05","filename":"Hilltop2_05"}},{"type":"Feature","id":921,"geometry":{"type":"Point","coordinates":[-149.74693662726727,61.139005422821356]},"properties":{"OBJECTID":921,"name":"Hilltop 2","flag_id":6,"flag_id_zeroed":"06","filename":"Hilltop2_06"}},{"type":"Feature","id":922,"geometry":{"type":"Point","coordinates":[-149.74690507933281,61.139026964717289]},"properties":{"OBJECTID":922,"name":"Hilltop 2","flag_id":7,"flag_id_zeroed":"07","filename":"Hilltop2_07"}},{"type":"Feature","id":923,"geometry":{"type":"Point","coordinates":[-149.74688271128224,61.139047160692066]},"properties":{"OBJECTID":923,"name":"Hilltop 2","flag_id":8,"flag_id_zeroed":"08","filename":"Hilltop2_08"}},{"type":"Feature","id":924,"geometry":{"type":"Point","coordinates":[-149.74684805877015,61.139068411177874]},"properties":{"OBJECTID":924,"name":"Hilltop 2","flag_id":9,"flag_id_zeroed":"09","filename":"Hilltop2_09"}},{"type":"Feature","id":925,"geometry":{"type":"Point","coordinates":[-149.74680159341204,61.13909279573393]},"properties":{"OBJECTID":925,"name":"Hilltop 2","flag_id":10,"flag_id_zeroed":"10","filename":"Hilltop2_10"}},{"type":"Feature","id":926,"geometry":{"type":"Point","coordinates":[-149.74676660313344,61.139114639791494]},"properties":{"OBJECTID":926,"name":"Hilltop 2","flag_id":11,"flag_id_zeroed":"11","filename":"Hilltop2_11"}},{"type":"Feature","id":927,"geometry":{"type":"Point","coordinates":[-149.74674012349382,61.139137876999278]},"properties":{"OBJECTID":927,"name":"Hilltop 2","flag_id":12,"flag_id_zeroed":"12","filename":"Hilltop2_12"}},{"type":"Feature","id":928,"geometry":{"type":"Point","coordinates":[-149.74670799973924,61.139159457829038]},"properties":{"OBJECTID":928,"name":"Hilltop 2","flag_id":13,"flag_id_zeroed":"13","filename":"Hilltop2_13"}},{"type":"Feature","id":929,"geometry":{"type":"Point","coordinates":[-149.74667895361287,61.139182079722524]},"properties":{"OBJECTID":929,"name":"Hilltop 2","flag_id":14,"flag_id_zeroed":"14","filename":"Hilltop2_14"}},{"type":"Feature","id":930,"geometry":{"type":"Point","coordinates":[-149.74664325546178,61.139202969794503]},"properties":{"OBJECTID":930,"name":"Hilltop 2","flag_id":15,"flag_id_zeroed":"15","filename":"Hilltop2_15"}},{"type":"Feature","id":931,"geometry":{"type":"Point","coordinates":[-149.74661804963321,61.139222928476698]},"properties":{"OBJECTID":931,"name":"Hilltop 2","flag_id":16,"flag_id_zeroed":"16","filename":"Hilltop2_16"}},{"type":"Feature","id":932,"geometry":{"type":"Point","coordinates":[-149.74659313575714,61.139245828263093]},"properties":{"OBJECTID":932,"name":"Hilltop 2","flag_id":17,"flag_id_zeroed":"17","filename":"Hilltop2_17"}},{"type":"Feature","id":933,"geometry":{"type":"Point","coordinates":[-149.74657331173546,61.139276074531182]},"properties":{"OBJECTID":933,"name":"Hilltop 2","flag_id":18,"flag_id_zeroed":"18","filename":"Hilltop2_18"}},{"type":"Feature","id":934,"geometry":{"type":"Point","coordinates":[-149.74658454247313,61.13930205934593]},"properties":{"OBJECTID":934,"name":"Hilltop 2","flag_id":19,"flag_id_zeroed":"19","filename":"Hilltop2_19"}},{"type":"Feature","id":935,"geometry":{"type":"Point","coordinates":[-149.7465729622908,61.139327172603252]},"properties":{"OBJECTID":935,"name":"Hilltop 2","flag_id":20,"flag_id_zeroed":"20","filename":"Hilltop2_20"}},{"type":"Feature","id":936,"geometry":{"type":"Point","coordinates":[-149.74657715023665,61.139352074677532]},"properties":{"OBJECTID":936,"name":"Hilltop 2","flag_id":21,"flag_id_zeroed":"21","filename":"Hilltop2_21"}},{"type":"Feature","id":937,"geometry":{"type":"Point","coordinates":[-149.74655028432144,61.139371662104367]},"properties":{"OBJECTID":937,"name":"Hilltop 2","flag_id":22,"flag_id_zeroed":"22","filename":"Hilltop2_22"}},{"type":"Feature","id":938,"geometry":{"type":"Point","coordinates":[-149.74651009549228,61.139394419995966]},"properties":{"OBJECTID":938,"name":"Hilltop 2","flag_id":23,"flag_id_zeroed":"23","filename":"Hilltop2_23"}},{"type":"Feature","id":939,"geometry":{"type":"Point","coordinates":[-149.74648112482438,61.139415624720243]},"properties":{"OBJECTID":939,"name":"Hilltop 2","flag_id":24,"flag_id_zeroed":"24","filename":"Hilltop2_24"}},{"type":"Feature","id":940,"geometry":{"type":"Point","coordinates":[-149.74645517339411,61.139441737331737]},"properties":{"OBJECTID":940,"name":"Hilltop 2","flag_id":25,"flag_id_zeroed":"25","filename":"Hilltop2_25"}},{"type":"Feature","id":1089,"geometry":{"type":"Point","coordinates":[-149.74640019470209,61.139545277007926]},"properties":{"OBJECTID":1089,"name":"Hilltop 2","flag_id":29,"flag_id_zeroed":"29","filename":"Hilltop2_29"}},{"type":"Feature","id":1090,"geometry":{"type":"Point","coordinates":[-149.74639748089163,61.139517734044169]},"properties":{"OBJECTID":1090,"name":"Hilltop 2","flag_id":28,"flag_id_zeroed":"28","filename":"Hilltop2_28"}},{"type":"Feature","id":1091,"geometry":{"type":"Point","coordinates":[-149.74640880685072,61.13949344737577]},"properties":{"OBJECTID":1091,"name":"Hilltop 2","flag_id":27,"flag_id_zeroed":"27","filename":"Hilltop2_27"}},{"type":"Feature","id":1101,"geometry":{"type":"Point","coordinates":[-149.74643832369432,61.139469304209648]},"properties":{"OBJECTID":1101,"name":"Hilltop 2","flag_id":26,"flag_id_zeroed":"26","filename":"Hilltop2_26"}},{"type":"Feature","id":1102,"geometry":{"type":"Point","coordinates":[-149.80090691995537,61.147948715892852]},"properties":{"OBJECTID":1102,"name":"Abbott Loop West","flag_id":1,"flag_id_zeroed":"01","filename":"Abbott_Loop_West_01"}},{"type":"Feature","id":1103,"geometry":{"type":"Point","coordinates":[-149.80086529292339,61.147954527147363]},"properties":{"OBJECTID":1103,"name":"Abbott Loop West","flag_id":2,"flag_id_zeroed":"02","filename":"Abbott_Loop_West_02"}},{"type":"Feature","id":1104,"geometry":{"type":"Point","coordinates":[-149.80081653596304,61.147962015974166]},"properties":{"OBJECTID":1104,"name":"Abbott Loop West","flag_id":3,"flag_id_zeroed":"03","filename":"Abbott_Loop_West_03"}},{"type":"Feature","id":1105,"geometry":{"type":"Point","coordinates":[-149.80077101653094,61.14797130157941]},"properties":{"OBJECTID":1105,"name":"Abbott Loop West","flag_id":4,"flag_id_zeroed":"04","filename":"Abbott_Loop_West_04"}},{"type":"Feature","id":1106,"geometry":{"type":"Point","coordinates":[-149.80072440295086,61.147978209537364]},"properties":{"OBJECTID":1106,"name":"Abbott Loop West","flag_id":5,"flag_id_zeroed":"05","filename":"Abbott_Loop_West_05"}},{"type":"Feature","id":1107,"geometry":{"type":"Point","coordinates":[-149.80068153714214,61.147988559333967]},"properties":{"OBJECTID":1107,"name":"Abbott Loop West","flag_id":6,"flag_id_zeroed":"06","filename":"Abbott_Loop_West_06"}},{"type":"Feature","id":1108,"geometry":{"type":"Point","coordinates":[-149.80064023530031,61.148000849821408]},"properties":{"OBJECTID":1108,"name":"Abbott Loop West","flag_id":7,"flag_id_zeroed":"07","filename":"Abbott_Loop_West_07"}},{"type":"Feature","id":1109,"geometry":{"type":"Point","coordinates":[-149.80060532227679,61.14801535929206]},"properties":{"OBJECTID":1109,"name":"Abbott Loop West","flag_id":8,"flag_id_zeroed":"08","filename":"Abbott_Loop_West_08"}},{"type":"Feature","id":1110,"geometry":{"type":"Point","coordinates":[-149.80057203520394,61.148030219875267]},"properties":{"OBJECTID":1110,"name":"Abbott Loop West","flag_id":9,"flag_id_zeroed":"09","filename":"Abbott_Loop_West_09"}},{"type":"Feature","id":1111,"geometry":{"type":"Point","coordinates":[-149.80053775728933,61.148040974092005]},"properties":{"OBJECTID":1111,"name":"Abbott Loop West","flag_id":10,"flag_id_zeroed":"10","filename":"Abbott_Loop_West_10"}},{"type":"Feature","id":1112,"geometry":{"type":"Point","coordinates":[-149.80049993282597,61.148056350071094]},"properties":{"OBJECTID":1112,"name":"Abbott Loop West","flag_id":11,"flag_id_zeroed":"11","filename":"Abbott_Loop_West_11"}},{"type":"Feature","id":1113,"geometry":{"type":"Point","coordinates":[-149.80045569978137,61.148066693339878]},"properties":{"OBJECTID":1113,"name":"Abbott Loop West","flag_id":12,"flag_id_zeroed":"12","filename":"Abbott_Loop_West_12"}},{"type":"Feature","id":1114,"geometry":{"type":"Point","coordinates":[-149.80042224382527,61.148072555289822]},"properties":{"OBJECTID":1114,"name":"Abbott Loop West","flag_id":13,"flag_id_zeroed":"13","filename":"Abbott_Loop_West_13"}},{"type":"Feature","id":1115,"geometry":{"type":"Point","coordinates":[-149.80038207206408,61.148084920736551]},"properties":{"OBJECTID":1115,"name":"Abbott Loop West","flag_id":14,"flag_id_zeroed":"14","filename":"Abbott_Loop_West_14"}},{"type":"Feature","id":1116,"geometry":{"type":"Point","coordinates":[-149.80034069476378,61.148095847459594]},"properties":{"OBJECTID":1116,"name":"Abbott Loop West","flag_id":15,"flag_id_zeroed":"15","filename":"Abbott_Loop_West_15"}},{"type":"Feature","id":1117,"geometry":{"type":"Point","coordinates":[-149.8002926834051,61.148102379130044]},"properties":{"OBJECTID":1117,"name":"Abbott Loop West","flag_id":16,"flag_id_zeroed":"16","filename":"Abbott_Loop_West_16"}},{"type":"Feature","id":1118,"geometry":{"type":"Point","coordinates":[-149.80024803983042,61.148110878795805]},"properties":{"OBJECTID":1118,"name":"Abbott Loop West","flag_id":17,"flag_id_zeroed":"17","filename":"Abbott_Loop_West_17"}},{"type":"Feature","id":1119,"geometry":{"type":"Point","coordinates":[-149.80020604718416,61.148120543651636]},"properties":{"OBJECTID":1119,"name":"Abbott Loop West","flag_id":18,"flag_id_zeroed":"18","filename":"Abbott_Loop_West_18"}},{"type":"Feature","id":1120,"geometry":{"type":"Point","coordinates":[-149.80016350207399,61.148130372793091]},"properties":{"OBJECTID":1120,"name":"Abbott Loop West","flag_id":19,"flag_id_zeroed":"19","filename":"Abbott_Loop_West_19"}},{"type":"Feature","id":1121,"geometry":{"type":"Point","coordinates":[-149.80011805091385,61.148144290071954]},"properties":{"OBJECTID":1121,"name":"Abbott Loop West","flag_id":20,"flag_id_zeroed":"20","filename":"Abbott_Loop_West_20"}},{"type":"Feature","id":1122,"geometry":{"type":"Point","coordinates":[-149.80007212005339,61.148155631613655]},"properties":{"OBJECTID":1122,"name":"Abbott Loop West","flag_id":21,"flag_id_zeroed":"21","filename":"Abbott_Loop_West_21"}},{"type":"Feature","id":1123,"geometry":{"type":"Point","coordinates":[-149.80002657007859,61.148171682896546]},"properties":{"OBJECTID":1123,"name":"Abbott Loop West","flag_id":22,"flag_id_zeroed":"22","filename":"Abbott_Loop_West_22"}},{"type":"Feature","id":1124,"geometry":{"type":"Point","coordinates":[-149.7999785515334,61.14818470459074]},"properties":{"OBJECTID":1124,"name":"Abbott Loop West","flag_id":23,"flag_id_zeroed":"23","filename":"Abbott_Loop_West_23"}},{"type":"Feature","id":1125,"geometry":{"type":"Point","coordinates":[-149.79992559135582,61.148196605304889]},"properties":{"OBJECTID":1125,"name":"Abbott Loop West","flag_id":24,"flag_id_zeroed":"24","filename":"Abbott_Loop_West_24"}},{"type":"Feature","id":1126,"geometry":{"type":"Point","coordinates":[-149.79987543392193,61.148208617418383]},"properties":{"OBJECTID":1126,"name":"Abbott Loop West","flag_id":25,"flag_id_zeroed":"25","filename":"Abbott_Loop_West_25"}},{"type":"Feature","id":1127,"geometry":{"type":"Point","coordinates":[-149.79982665809695,61.148222414589327]},"properties":{"OBJECTID":1127,"name":"Abbott Loop West","flag_id":26,"flag_id_zeroed":"26","filename":"Abbott_Loop_West_26"}},{"type":"Feature","id":1128,"geometry":{"type":"Point","coordinates":[-149.79977719955235,61.14823384800026]},"properties":{"OBJECTID":1128,"name":"Abbott Loop West","flag_id":27,"flag_id_zeroed":"27","filename":"Abbott_Loop_West_27"}},{"type":"Feature","id":1129,"geometry":{"type":"Point","coordinates":[-149.79972797816299,61.148242679674482]},"properties":{"OBJECTID":1129,"name":"Abbott Loop West","flag_id":28,"flag_id_zeroed":"28","filename":"Abbott_Loop_West_28"}},{"type":"Feature","id":1130,"geometry":{"type":"Point","coordinates":[-149.79967400288913,61.148252326717362]},"properties":{"OBJECTID":1130,"name":"Abbott Loop West","flag_id":29,"flag_id_zeroed":"29","filename":"Abbott_Loop_West_29"}},{"type":"Feature","id":1131,"geometry":{"type":"Point","coordinates":[-149.79961428288905,61.148260649917475]},"properties":{"OBJECTID":1131,"name":"Abbott Loop West","flag_id":30,"flag_id_zeroed":"30","filename":"Abbott_Loop_West_30"}},{"type":"Feature","id":1132,"geometry":{"type":"Point","coordinates":[-149.79955972820187,61.14826622226856]},"properties":{"OBJECTID":1132,"name":"Abbott Loop West","flag_id":31,"flag_id_zeroed":"31","filename":"Abbott_Loop_West_31"}},{"type":"Feature","id":1133,"geometry":{"type":"Point","coordinates":[-149.79950160360968,61.148268818797447]},"properties":{"OBJECTID":1133,"name":"Abbott Loop West","flag_id":32,"flag_id_zeroed":"32","filename":"Abbott_Loop_West_32"}},{"type":"Feature","id":1134,"geometry":{"type":"Point","coordinates":[-149.7956066684379,61.149957438908146]},"properties":{"OBJECTID":1134,"name":"Abbott Loop East","flag_id":1,"flag_id_zeroed":"01","filename":"Abbott_Loop_East_01"}},{"type":"Feature","id":1135,"geometry":{"type":"Point","coordinates":[-149.79555226197272,61.149972671780844]},"properties":{"OBJECTID":1135,"name":"Abbott Loop East","flag_id":2,"flag_id_zeroed":"02","filename":"Abbott_Loop_East_02"}},{"type":"Feature","id":1136,"geometry":{"type":"Point","coordinates":[-149.79550262017176,61.149987606430074]},"properties":{"OBJECTID":1136,"name":"Abbott Loop East","flag_id":3,"flag_id_zeroed":"03","filename":"Abbott_Loop_East_03"}},{"type":"Feature","id":1137,"geometry":{"type":"Point","coordinates":[-149.79544665602791,61.150001172659657]},"properties":{"OBJECTID":1137,"name":"Abbott Loop East","flag_id":4,"flag_id_zeroed":"04","filename":"Abbott_Loop_East_04"}},{"type":"Feature","id":1138,"geometry":{"type":"Point","coordinates":[-149.7953931658443,61.150011921870394]},"properties":{"OBJECTID":1138,"name":"Abbott Loop East","flag_id":5,"flag_id_zeroed":"05","filename":"Abbott_Loop_East_05"}},{"type":"Feature","id":1139,"geometry":{"type":"Point","coordinates":[-149.79533753856865,61.150022218118899]},"properties":{"OBJECTID":1139,"name":"Abbott Loop East","flag_id":6,"flag_id_zeroed":"06","filename":"Abbott_Loop_East_06"}},{"type":"Feature","id":1140,"geometry":{"type":"Point","coordinates":[-149.79528148549156,61.150033675151278]},"properties":{"OBJECTID":1140,"name":"Abbott Loop East","flag_id":7,"flag_id_zeroed":"07","filename":"Abbott_Loop_East_07"}},{"type":"Feature","id":1141,"geometry":{"type":"Point","coordinates":[-149.79523137836333,61.150045714306707]},"properties":{"OBJECTID":1141,"name":"Abbott Loop East","flag_id":8,"flag_id_zeroed":"08","filename":"Abbott_Loop_East_08"}},{"type":"Feature","id":1142,"geometry":{"type":"Point","coordinates":[-149.79518417638673,61.150061956214529]},"properties":{"OBJECTID":1142,"name":"Abbott Loop East","flag_id":9,"flag_id_zeroed":"09","filename":"Abbott_Loop_East_09"}},{"type":"Feature","id":1143,"geometry":{"type":"Point","coordinates":[-149.79513322753706,61.150080102703839]},"properties":{"OBJECTID":1143,"name":"Abbott Loop East","flag_id":10,"flag_id_zeroed":"10","filename":"Abbott_Loop_East_10"}},{"type":"Feature","id":1144,"geometry":{"type":"Point","coordinates":[-149.79508511017718,61.150094156093942]},"properties":{"OBJECTID":1144,"name":"Abbott Loop East","flag_id":11,"flag_id_zeroed":"11","filename":"Abbott_Loop_East_11"}},{"type":"Feature","id":1145,"geometry":{"type":"Point","coordinates":[-149.79504328551585,61.150110195988248]},"properties":{"OBJECTID":1145,"name":"Abbott Loop East","flag_id":12,"flag_id_zeroed":"12","filename":"Abbott_Loop_East_12"}},{"type":"Feature","id":1146,"geometry":{"type":"Point","coordinates":[-149.79501514758621,61.150130656215026]},"properties":{"OBJECTID":1146,"name":"Abbott Loop East","flag_id":13,"flag_id_zeroed":"13","filename":"Abbott_Loop_East_13"}},{"type":"Feature","id":1147,"geometry":{"type":"Point","coordinates":[-149.79498238602781,61.150154327002987]},"properties":{"OBJECTID":1147,"name":"Abbott Loop East","flag_id":14,"flag_id_zeroed":"14","filename":"Abbott_Loop_East_14"}},{"type":"Feature","id":1148,"geometry":{"type":"Point","coordinates":[-149.79493871263367,61.150175872996122]},"properties":{"OBJECTID":1148,"name":"Abbott Loop East","flag_id":15,"flag_id_zeroed":"15","filename":"Abbott_Loop_East_15"}},{"type":"Feature","id":1149,"geometry":{"type":"Point","coordinates":[-149.79490116844468,61.150197185344588]},"properties":{"OBJECTID":1149,"name":"Abbott Loop East","flag_id":16,"flag_id_zeroed":"16","filename":"Abbott_Loop_East_16"}},{"type":"Feature","id":1150,"geometry":{"type":"Point","coordinates":[-149.79486305023221,61.15021798924122]},"properties":{"OBJECTID":1150,"name":"Abbott Loop East","flag_id":17,"flag_id_zeroed":"17","filename":"Abbott_Loop_East_17"}},{"type":"Feature","id":1151,"geometry":{"type":"Point","coordinates":[-149.79482237271952,61.150238897152214]},"properties":{"OBJECTID":1151,"name":"Abbott Loop East","flag_id":18,"flag_id_zeroed":"18","filename":"Abbott_Loop_East_18"}},{"type":"Feature","id":1152,"geometry":{"type":"Point","coordinates":[-149.79477821782837,61.150264813129297]},"properties":{"OBJECTID":1152,"name":"Abbott Loop East","flag_id":19,"flag_id_zeroed":"19","filename":"Abbott_Loop_East_19"}},{"type":"Feature","id":1153,"geometry":{"type":"Point","coordinates":[-149.79474327066887,61.150289173001369]},"properties":{"OBJECTID":1153,"name":"Abbott Loop East","flag_id":20,"flag_id_zeroed":"20","filename":"Abbott_Loop_East_20"}},{"type":"Feature","id":1154,"geometry":{"type":"Point","coordinates":[-149.79471586037459,61.150316861310735]},"properties":{"OBJECTID":1154,"name":"Abbott Loop East","flag_id":21,"flag_id_zeroed":"21","filename":"Abbott_Loop_East_21"}},{"type":"Feature","id":1155,"geometry":{"type":"Point","coordinates":[-149.79469231373437,61.150342312566714]},"properties":{"OBJECTID":1155,"name":"Abbott Loop East","flag_id":22,"flag_id_zeroed":"22","filename":"Abbott_Loop_East_22"}},{"type":"Feature","id":1156,"geometry":{"type":"Point","coordinates":[-149.79466832063144,61.150366815850397]},"properties":{"OBJECTID":1156,"name":"Abbott Loop East","flag_id":23,"flag_id_zeroed":"23","filename":"Abbott_Loop_East_23"}},{"type":"Feature","id":1157,"geometry":{"type":"Point","coordinates":[-149.79465469229027,61.150390968022123]},"properties":{"OBJECTID":1157,"name":"Abbott Loop East","flag_id":24,"flag_id_zeroed":"24","filename":"Abbott_Loop_East_24"}},{"type":"Feature","id":1158,"geometry":{"type":"Point","coordinates":[-149.79464248688049,61.150416290484365]},"properties":{"OBJECTID":1158,"name":"Abbott Loop East","flag_id":25,"flag_id_zeroed":"25","filename":"Abbott_Loop_East_25"}},{"type":"Feature","id":1159,"geometry":{"type":"Point","coordinates":[-149.79462707089192,61.150453303867948]},"properties":{"OBJECTID":1159,"name":"Abbott Loop East","flag_id":26,"flag_id_zeroed":"26","filename":"Abbott_Loop_East_26"}},{"type":"Feature","id":1160,"geometry":{"type":"Point","coordinates":[-149.79462988441537,61.150484200406972]},"properties":{"OBJECTID":1160,"name":"Abbott Loop East","flag_id":27,"flag_id_zeroed":"27","filename":"Abbott_Loop_East_27"}},{"type":"Feature","id":1161,"geometry":{"type":"Point","coordinates":[-149.79452544717876,61.150444843843175]},"properties":{"OBJECTID":1161,"name":"Abbott Loop East Pre","flag_id":31,"flag_id_zeroed":"31","filename":"Abbott_Loop_East_Pre_31"}},{"type":"Feature","id":1162,"geometry":{"type":"Point","coordinates":[-149.79686931345179,61.1496356999169]},"properties":{"OBJECTID":1162,"name":"Abbott Loop Center Pre","flag_id":1,"flag_id_zeroed":"01","filename":"Abbott_Loop_Center_Pre_01"}},{"type":"Feature","id":1163,"geometry":{"type":"Point","coordinates":[-149.79690423006858,61.149615368973414]},"properties":{"OBJECTID":1163,"name":"Abbott Loop Center Pre","flag_id":2,"flag_id_zeroed":"02","filename":"Abbott_Loop_Center_Pre_02"}},{"type":"Feature","id":1164,"geometry":{"type":"Point","coordinates":[-149.79692178674247,61.149598432434502]},"properties":{"OBJECTID":1164,"name":"Abbott Loop Center Pre","flag_id":3,"flag_id_zeroed":"03","filename":"Abbott_Loop_Center_Pre_03"}},{"type":"Feature","id":1165,"geometry":{"type":"Point","coordinates":[-149.79693447364923,61.14957396019679]},"properties":{"OBJECTID":1165,"name":"Abbott Loop Center Pre","flag_id":4,"flag_id_zeroed":"04","filename":"Abbott_Loop_Center_Pre_04"}},{"type":"Feature","id":1166,"geometry":{"type":"Point","coordinates":[-149.79696200431775,61.149550044502334]},"properties":{"OBJECTID":1166,"name":"Abbott Loop Center Pre","flag_id":5,"flag_id_zeroed":"05","filename":"Abbott_Loop_Center_Pre_05"}},{"type":"Feature","id":1167,"geometry":{"type":"Point","coordinates":[-149.7969732108009,61.149528667131371]},"properties":{"OBJECTID":1167,"name":"Abbott Loop Center Pre","flag_id":6,"flag_id_zeroed":"06","filename":"Abbott_Loop_Center_Pre_06"}},{"type":"Feature","id":1168,"geometry":{"type":"Point","coordinates":[-149.79697672321367,61.149499836829527]},"properties":{"OBJECTID":1168,"name":"Abbott Loop Center Pre","flag_id":7,"flag_id_zeroed":"07","filename":"Abbott_Loop_Center_Pre_07"}},{"type":"Feature","id":1169,"geometry":{"type":"Point","coordinates":[-149.79699212662587,61.149474072369024]},"properties":{"OBJECTID":1169,"name":"Abbott Loop Center Pre","flag_id":8,"flag_id_zeroed":"08","filename":"Abbott_Loop_Center_Pre_08"}},{"type":"Feature","id":1170,"geometry":{"type":"Point","coordinates":[-149.7970208816981,61.149445019218305]},"properties":{"OBJECTID":1170,"name":"Abbott Loop Center Pre","flag_id":9,"flag_id_zeroed":"09","filename":"Abbott_Loop_Center_Pre_09"}},{"type":"Feature","id":1171,"geometry":{"type":"Point","coordinates":[-149.79703153302239,61.149420608846668]},"properties":{"OBJECTID":1171,"name":"Abbott Loop Center Pre","flag_id":10,"flag_id_zeroed":"10","filename":"Abbott_Loop_Center_Pre_10"}},{"type":"Feature","id":1172,"geometry":{"type":"Point","coordinates":[-149.79703812126672,61.149398480632293]},"properties":{"OBJECTID":1172,"name":"Abbott Loop Center Pre","flag_id":11,"flag_id_zeroed":"11","filename":"Abbott_Loop_Center_Pre_11"}},{"type":"Feature","id":1173,"geometry":{"type":"Point","coordinates":[-149.79703186360243,61.149370703524511]},"properties":{"OBJECTID":1173,"name":"Abbott Loop Center Pre","flag_id":12,"flag_id_zeroed":"12","filename":"Abbott_Loop_Center_Pre_12"}},{"type":"Feature","id":1174,"geometry":{"type":"Point","coordinates":[-149.79704081531423,61.149336016132203]},"properties":{"OBJECTID":1174,"name":"Abbott Loop Center Pre","flag_id":13,"flag_id_zeroed":"13","filename":"Abbott_Loop_Center_Pre_13"}},{"type":"Feature","id":1175,"geometry":{"type":"Point","coordinates":[-149.79707725277879,61.149315554089902]},"properties":{"OBJECTID":1175,"name":"Abbott Loop Center Pre","flag_id":14,"flag_id_zeroed":"14","filename":"Abbott_Loop_Center_Pre_14"}},{"type":"Feature","id":1176,"geometry":{"type":"Point","coordinates":[-149.79710306137693,61.149295856229919]},"properties":{"OBJECTID":1176,"name":"Abbott Loop Center Pre","flag_id":15,"flag_id_zeroed":"15","filename":"Abbott_Loop_Center_Pre_15"}},{"type":"Feature","id":1177,"geometry":{"type":"Point","coordinates":[-149.79714058849791,61.149273793814551]},"properties":{"OBJECTID":1177,"name":"Abbott Loop Center Pre","flag_id":16,"flag_id_zeroed":"16","filename":"Abbott_Loop_Center_Pre_16"}},{"type":"Feature","id":1178,"geometry":{"type":"Point","coordinates":[-149.79718203407018,61.149253575772008]},"properties":{"OBJECTID":1178,"name":"Abbott Loop Center Pre","flag_id":17,"flag_id_zeroed":"17","filename":"Abbott_Loop_Center_Pre_17"}},{"type":"Feature","id":1179,"geometry":{"type":"Point","coordinates":[-149.79723240889635,61.149235365955249]},"properties":{"OBJECTID":1179,"name":"Abbott Loop Center Pre","flag_id":18,"flag_id_zeroed":"18","filename":"Abbott_Loop_Center_Pre_18"}},{"type":"Feature","id":1180,"geometry":{"type":"Point","coordinates":[-149.79727276660884,61.14921891469232]},"properties":{"OBJECTID":1180,"name":"Abbott Loop Center Pre","flag_id":19,"flag_id_zeroed":"19","filename":"Abbott_Loop_Center_Pre_19"}},{"type":"Feature","id":1181,"geometry":{"type":"Point","coordinates":[-149.79731217570034,61.149193408347422]},"properties":{"OBJECTID":1181,"name":"Abbott Loop Center Pre","flag_id":20,"flag_id_zeroed":"20","filename":"Abbott_Loop_Center_Pre_20"}},{"type":"Feature","id":1182,"geometry":{"type":"Point","coordinates":[-149.79733572323886,61.149170038530386]},"properties":{"OBJECTID":1182,"name":"Abbott Loop Center Pre","flag_id":21,"flag_id_zeroed":"21","filename":"Abbott_Loop_Center_Pre_21"}},{"type":"Feature","id":1183,"geometry":{"type":"Point","coordinates":[-149.79736710139176,61.149149204467385]},"properties":{"OBJECTID":1183,"name":"Abbott Loop Center Pre","flag_id":22,"flag_id_zeroed":"22","filename":"Abbott_Loop_Center_Pre_22"}},{"type":"Feature","id":1184,"geometry":{"type":"Point","coordinates":[-149.79741069753081,61.149130150199767]},"properties":{"OBJECTID":1184,"name":"Abbott Loop Center Pre","flag_id":23,"flag_id_zeroed":"23","filename":"Abbott_Loop_Center_Pre_23"}},{"type":"Feature","id":1185,"geometry":{"type":"Point","coordinates":[-149.79745212962834,61.149107238075729]},"properties":{"OBJECTID":1185,"name":"Abbott Loop Center Pre","flag_id":24,"flag_id_zeroed":"24","filename":"Abbott_Loop_Center_Pre_24"}},{"type":"Feature","id":1186,"geometry":{"type":"Point","coordinates":[-149.79748489028844,61.14908546811813]},"properties":{"OBJECTID":1186,"name":"Abbott Loop Center Pre","flag_id":25,"flag_id_zeroed":"25","filename":"Abbott_Loop_Center_Pre_25"}},{"type":"Feature","id":1187,"geometry":{"type":"Point","coordinates":[-149.7975299991904,61.149061968614738]},"properties":{"OBJECTID":1187,"name":"Abbott Loop Center Pre","flag_id":26,"flag_id_zeroed":"26","filename":"Abbott_Loop_Center_Pre_26"}},{"type":"Feature","id":1188,"geometry":{"type":"Point","coordinates":[-149.77616592733693,61.148497025543108]},"properties":{"OBJECTID":1188,"name":"Speedway East","flag_id":1,"flag_id_zeroed":"01","filename":"SpeedwayEast_01"}},{"type":"Feature","id":1189,"geometry":{"type":"Point","coordinates":[-149.77622520806085,61.148499961029771]},"properties":{"OBJECTID":1189,"name":"Speedway East","flag_id":2,"flag_id_zeroed":"02","filename":"SpeedwayEast_02"}},{"type":"Feature","id":1190,"geometry":{"type":"Point","coordinates":[-149.7762855362204,61.148500783763538]},"properties":{"OBJECTID":1190,"name":"Speedway East","flag_id":3,"flag_id_zeroed":"03","filename":"SpeedwayEast_03"}},{"type":"Feature","id":1191,"geometry":{"type":"Point","coordinates":[-149.77634533886547,61.14850105771918]},"properties":{"OBJECTID":1191,"name":"Speedway East","flag_id":4,"flag_id_zeroed":"04","filename":"SpeedwayEast_04"}},{"type":"Feature","id":1192,"geometry":{"type":"Point","coordinates":[-149.77640960164598,61.148500184268933]},"properties":{"OBJECTID":1192,"name":"Speedway East","flag_id":5,"flag_id_zeroed":"05","filename":"SpeedwayEast_05"}},{"type":"Feature","id":1193,"geometry":{"type":"Point","coordinates":[-149.77647028014849,61.148499567435287]},"properties":{"OBJECTID":1193,"name":"Speedway East","flag_id":6,"flag_id_zeroed":"06","filename":"SpeedwayEast_06"}},{"type":"Feature","id":1194,"geometry":{"type":"Point","coordinates":[-149.77652720998125,61.148499505015046]},"properties":{"OBJECTID":1194,"name":"Speedway East","flag_id":7,"flag_id_zeroed":"07","filename":"SpeedwayEast_07"}},{"type":"Feature","id":1195,"geometry":{"type":"Point","coordinates":[-149.77658711862759,61.148493571621124]},"properties":{"OBJECTID":1195,"name":"Speedway East","flag_id":8,"flag_id_zeroed":"08","filename":"SpeedwayEast_08"}},{"type":"Feature","id":1196,"geometry":{"type":"Point","coordinates":[-149.77662726613426,61.148491936989956]},"properties":{"OBJECTID":1196,"name":"Speedway East","flag_id":9,"flag_id_zeroed":"09","filename":"SpeedwayEast_09"}},{"type":"Feature","id":1197,"geometry":{"type":"Point","coordinates":[-149.77669317462835,61.148490406392568]},"properties":{"OBJECTID":1197,"name":"Speedway East","flag_id":10,"flag_id_zeroed":"10","filename":"SpeedwayEast_10"}},{"type":"Feature","id":1198,"geometry":{"type":"Point","coordinates":[-149.77674569912298,61.148484955020344]},"properties":{"OBJECTID":1198,"name":"Speedway East","flag_id":11,"flag_id_zeroed":"11","filename":"SpeedwayEast_11"}},{"type":"Feature","id":1199,"geometry":{"type":"Point","coordinates":[-149.77680282299193,61.148480408308181]},"properties":{"OBJECTID":1199,"name":"Speedway East","flag_id":12,"flag_id_zeroed":"12","filename":"SpeedwayEast_12"}},{"type":"Feature","id":1200,"geometry":{"type":"Point","coordinates":[-149.77686540232955,61.148478047173271]},"properties":{"OBJECTID":1200,"name":"Speedway East","flag_id":13,"flag_id_zeroed":"13","filename":"SpeedwayEast_13"}},{"type":"Feature","id":1201,"geometry":{"type":"Point","coordinates":[-149.7769285808435,61.148476592866707]},"properties":{"OBJECTID":1201,"name":"Speedway East","flag_id":14,"flag_id_zeroed":"14","filename":"SpeedwayEast_14"}},{"type":"Feature","id":1202,"geometry":{"type":"Point","coordinates":[-149.77698665423165,61.148477537840876]},"properties":{"OBJECTID":1202,"name":"Speedway East","flag_id":15,"flag_id_zeroed":"15","filename":"SpeedwayEast_15"}},{"type":"Feature","id":1203,"geometry":{"type":"Point","coordinates":[-149.77704518216737,61.148475246061693]},"properties":{"OBJECTID":1203,"name":"Speedway East","flag_id":16,"flag_id_zeroed":"16","filename":"SpeedwayEast_16"}},{"type":"Feature","id":1204,"geometry":{"type":"Point","coordinates":[-149.77710343701523,61.14847397684855]},"properties":{"OBJECTID":1204,"name":"Speedway East","flag_id":17,"flag_id_zeroed":"17","filename":"SpeedwayEast_17"}},{"type":"Feature","id":1205,"geometry":{"type":"Point","coordinates":[-149.77715949458388,61.148470618721866]},"properties":{"OBJECTID":1205,"name":"Speedway East","flag_id":18,"flag_id_zeroed":"18","filename":"SpeedwayEast_18"}},{"type":"Feature","id":1206,"geometry":{"type":"Point","coordinates":[-149.77721796772238,61.148470744862948]},"properties":{"OBJECTID":1206,"name":"Speedway East","flag_id":19,"flag_id_zeroed":"19","filename":"SpeedwayEast_19"}},{"type":"Feature","id":1207,"geometry":{"type":"Point","coordinates":[-149.77727474753652,61.148469826763971]},"properties":{"OBJECTID":1207,"name":"Speedway East","flag_id":20,"flag_id_zeroed":"20","filename":"SpeedwayEast_20"}},{"type":"Feature","id":1208,"geometry":{"type":"Point","coordinates":[-149.77732961214252,61.148471186139986]},"properties":{"OBJECTID":1208,"name":"Speedway East","flag_id":21,"flag_id_zeroed":"21","filename":"SpeedwayEast_21"}},{"type":"Feature","id":1209,"geometry":{"type":"Point","coordinates":[-149.77738948216125,61.148472024913083]},"properties":{"OBJECTID":1209,"name":"Speedway East","flag_id":22,"flag_id_zeroed":"22","filename":"SpeedwayEast_22"}},{"type":"Feature","id":1210,"geometry":{"type":"Point","coordinates":[-149.77745052897302,61.148475546459458]},"properties":{"OBJECTID":1210,"name":"Speedway East","flag_id":23,"flag_id_zeroed":"23","filename":"SpeedwayEast_23"}},{"type":"Feature","id":1211,"geometry":{"type":"Point","coordinates":[-149.77751067028299,61.148477457214653]},"properties":{"OBJECTID":1211,"name":"Speedway East","flag_id":24,"flag_id_zeroed":"24","filename":"SpeedwayEast_24"}},{"type":"Feature","id":1212,"geometry":{"type":"Point","coordinates":[-149.77757511901473,61.148480278265872]},"properties":{"OBJECTID":1212,"name":"Speedway East","flag_id":25,"flag_id_zeroed":"25","filename":"SpeedwayEast_25"}},{"type":"Feature","id":1213,"geometry":{"type":"Point","coordinates":[-149.7776328941622,61.148479641925526]},"properties":{"OBJECTID":1213,"name":"Speedway East","flag_id":26,"flag_id_zeroed":"26","filename":"SpeedwayEast_26"}},{"type":"Feature","id":1214,"geometry":{"type":"Point","coordinates":[-149.77769234287109,61.148480403539956]},"properties":{"OBJECTID":1214,"name":"Speedway East","flag_id":27,"flag_id_zeroed":"27","filename":"SpeedwayEast_27"}},{"type":"Feature","id":1215,"geometry":{"type":"Point","coordinates":[-149.77774641785794,61.148481623770245]},"properties":{"OBJECTID":1215,"name":"Speedway East","flag_id":28,"flag_id_zeroed":"28","filename":"SpeedwayEast_28"}},{"type":"Feature","id":1216,"geometry":{"type":"Point","coordinates":[-149.77779700288988,61.148485284027309]},"properties":{"OBJECTID":1216,"name":"Speedway East","flag_id":29,"flag_id_zeroed":"29","filename":"SpeedwayEast_29"}},{"type":"Feature","id":1217,"geometry":{"type":"Point","coordinates":[-149.77786676515655,61.148489225175297]},"properties":{"OBJECTID":1217,"name":"Speedway East","flag_id":30,"flag_id_zeroed":"30","filename":"SpeedwayEast_30"}},{"type":"Feature","id":1218,"geometry":{"type":"Point","coordinates":[-149.77793813271259,61.148492713342222]},"properties":{"OBJECTID":1218,"name":"Speedway East","flag_id":31,"flag_id_zeroed":"31","filename":"SpeedwayEast_31"}},{"type":"Feature","id":1219,"geometry":{"type":"Point","coordinates":[-149.77799627616938,61.148496573863099]},"properties":{"OBJECTID":1219,"name":"Speedway East","flag_id":32,"flag_id_zeroed":"32","filename":"SpeedwayEast_32"}},{"type":"Feature","id":1220,"geometry":{"type":"Point","coordinates":[-149.77804969358942,61.14850126145199]},"properties":{"OBJECTID":1220,"name":"Speedway East","flag_id":33,"flag_id_zeroed":"33","filename":"SpeedwayEast_33"}},{"type":"Feature","id":1221,"geometry":{"type":"Point","coordinates":[-149.77949058411863,61.1484882355536]},"properties":{"OBJECTID":1221,"name":"Speedway West","flag_id":1,"flag_id_zeroed":"01","filename":"SpeedwayWest_01"}},{"type":"Feature","id":1222,"geometry":{"type":"Point","coordinates":[-149.77954630302244,61.148482464276952]},"properties":{"OBJECTID":1222,"name":"Speedway West","flag_id":2,"flag_id_zeroed":"02","filename":"SpeedwayWest_02"}},{"type":"Feature","id":1223,"geometry":{"type":"Point","coordinates":[-149.7795988688396,61.148468878755232]},"properties":{"OBJECTID":1223,"name":"Speedway West","flag_id":3,"flag_id_zeroed":"03","filename":"SpeedwayWest_03"}},{"type":"Feature","id":1224,"geometry":{"type":"Point","coordinates":[-149.77965589748712,61.148458341421588]},"properties":{"OBJECTID":1224,"name":"Speedway West","flag_id":4,"flag_id_zeroed":"04","filename":"SpeedwayWest_04"}},{"type":"Feature","id":1225,"geometry":{"type":"Point","coordinates":[-149.77970638100945,61.148440055287914]},"properties":{"OBJECTID":1225,"name":"Speedway West","flag_id":5,"flag_id_zeroed":"05","filename":"SpeedwayWest_05"}},{"type":"Feature","id":1226,"geometry":{"type":"Point","coordinates":[-149.77975667049569,61.148426901055657]},"properties":{"OBJECTID":1226,"name":"Speedway West","flag_id":6,"flag_id_zeroed":"06","filename":"SpeedwayWest_06"}},{"type":"Feature","id":1227,"geometry":{"type":"Point","coordinates":[-149.77980616766783,61.148414400498602]},"properties":{"OBJECTID":1227,"name":"Speedway West","flag_id":7,"flag_id_zeroed":"07","filename":"SpeedwayWest_07"}},{"type":"Feature","id":1228,"geometry":{"type":"Point","coordinates":[-149.77985613825214,61.148407279366218]},"properties":{"OBJECTID":1228,"name":"Speedway West","flag_id":8,"flag_id_zeroed":"08","filename":"SpeedwayWest_08"}},{"type":"Feature","id":1229,"geometry":{"type":"Point","coordinates":[-149.77991258748628,61.148398091854709]},"properties":{"OBJECTID":1229,"name":"Speedway West","flag_id":9,"flag_id_zeroed":"09","filename":"SpeedwayWest_09"}},{"type":"Feature","id":1230,"geometry":{"type":"Point","coordinates":[-149.77997142713741,61.148393918785949]},"properties":{"OBJECTID":1230,"name":"Speedway West","flag_id":10,"flag_id_zeroed":"10","filename":"SpeedwayWest_10"}},{"type":"Feature","id":1231,"geometry":{"type":"Point","coordinates":[-149.78002156121508,61.148390401565223]},"properties":{"OBJECTID":1231,"name":"Speedway West","flag_id":11,"flag_id_zeroed":"11","filename":"SpeedwayWest_11"}},{"type":"Feature","id":1232,"geometry":{"type":"Point","coordinates":[-149.78007620034396,61.148387991874344]},"properties":{"OBJECTID":1232,"name":"Speedway West","flag_id":12,"flag_id_zeroed":"12","filename":"SpeedwayWest_12"}},{"type":"Feature","id":1233,"geometry":{"type":"Point","coordinates":[-149.78014209536329,61.148390937341048]},"properties":{"OBJECTID":1233,"name":"Speedway West","flag_id":13,"flag_id_zeroed":"13","filename":"SpeedwayWest_13"}},{"type":"Feature","id":1234,"geometry":{"type":"Point","coordinates":[-149.78019985703605,61.148392963839328]},"properties":{"OBJECTID":1234,"name":"Speedway West","flag_id":14,"flag_id_zeroed":"14","filename":"SpeedwayWest_14"}},{"type":"Feature","id":1235,"geometry":{"type":"Point","coordinates":[-149.7802578352028,61.148388590070674]},"properties":{"OBJECTID":1235,"name":"Speedway West","flag_id":15,"flag_id_zeroed":"15","filename":"SpeedwayWest_15"}},{"type":"Feature","id":1236,"geometry":{"type":"Point","coordinates":[-149.78031575048749,61.148382726012038]},"properties":{"OBJECTID":1236,"name":"Speedway West","flag_id":16,"flag_id_zeroed":"16","filename":"SpeedwayWest_16"}},{"type":"Feature","id":1237,"geometry":{"type":"Point","coordinates":[-149.78036955148815,61.148379086116435]},"properties":{"OBJECTID":1237,"name":"Speedway West","flag_id":17,"flag_id_zeroed":"17","filename":"SpeedwayWest_17"}},{"type":"Feature","id":1238,"geometry":{"type":"Point","coordinates":[-149.78042390854603,61.148378235203531]},"properties":{"OBJECTID":1238,"name":"Speedway West","flag_id":18,"flag_id_zeroed":"18","filename":"SpeedwayWest_18"}},{"type":"Feature","id":1239,"geometry":{"type":"Point","coordinates":[-149.7804801251165,61.148382459857956]},"properties":{"OBJECTID":1239,"name":"Speedway West","flag_id":19,"flag_id_zeroed":"19","filename":"SpeedwayWest_19"}},{"type":"Feature","id":1240,"geometry":{"type":"Point","coordinates":[-149.78053634168697,61.148386740863643]},"properties":{"OBJECTID":1240,"name":"Speedway West","flag_id":20,"flag_id_zeroed":"20","filename":"SpeedwayWest_20"}},{"type":"Feature","id":1241,"geometry":{"type":"Point","coordinates":[-149.78060104823521,61.148382279098584]},"properties":{"OBJECTID":1241,"name":"Speedway West","flag_id":21,"flag_id_zeroed":"21","filename":"SpeedwayWest_21"}},{"type":"Feature","id":1242,"geometry":{"type":"Point","coordinates":[-149.78066131171605,61.148379062275247]},"properties":{"OBJECTID":1242,"name":"Speedway West","flag_id":22,"flag_id_zeroed":"22","filename":"SpeedwayWest_22"}},{"type":"Feature","id":1243,"geometry":{"type":"Point","coordinates":[-149.78071800349531,61.148380617152711]},"properties":{"OBJECTID":1243,"name":"Speedway West","flag_id":23,"flag_id_zeroed":"23","filename":"SpeedwayWest_23"}},{"type":"Feature","id":1244,"geometry":{"type":"Point","coordinates":[-149.78077482463198,61.148373073373783]},"properties":{"OBJECTID":1244,"name":"Speedway West","flag_id":24,"flag_id_zeroed":"24","filename":"SpeedwayWest_24"}},{"type":"Feature","id":1245,"geometry":{"type":"Point","coordinates":[-149.7808220634395,61.148379397351981]},"properties":{"OBJECTID":1245,"name":"Speedway West","flag_id":25,"flag_id_zeroed":"25","filename":"SpeedwayWest_25"}},{"type":"Feature","id":1246,"geometry":{"type":"Point","coordinates":[-149.78088394837943,61.148376010172399]},"properties":{"OBJECTID":1246,"name":"Speedway West","flag_id":26,"flag_id_zeroed":"26","filename":"SpeedwayWest_26"}},{"type":"Feature","id":1247,"geometry":{"type":"Point","coordinates":[-149.78094471132357,61.148374476101552]},"properties":{"OBJECTID":1247,"name":"Speedway West","flag_id":27,"flag_id_zeroed":"27","filename":"SpeedwayWest_27"}}]}